id,ticketCode,participantId,orderId,checkedIn,checkedInAt,qrHash,qrUrl,checkedInBy
b5bf3215-6e5d-48e0-aab0-56ea4424bf53,4B401A,8ff9db1b-4243-4477-8b5a-d219f37a1003,4b1b7403-1448-46cc-bbf2-8655b21e2d3c,f,2025-12-20 07:24:02.067,9cf92f9b4e07c56a609ab921453cc5937fa70748fde6f80776d099f8ca44cc6f,https://www.ethmumbai.in/t/4B401A,
084996e2-7430-40de-88eb-2ae6f9410b1b,427480,a710c9be-fc97-426d-983f-99ba67f7c950,f3835bb0-6142-4949-a402-32525865cb5a,f,2025-12-20 07:24:06.78,f353c57c7c572f67af9c44b6ac137c39e8beade21aa86b073a10491db0226e44,https://www.ethmumbai.in/t/427480,
9eb0e24e-3d55-4a22-8c02-22670d9646cb,F440D1,6516f59b-4ef6-430e-8916-ed94ce54e612,57ba4d49-0b6c-4e71-a598-92252ce30245,f,2025-12-20 07:30:30.335,83639af90b84c1903492061c0bf6a69553b6399316ba1d98ff9dd276a3ffbf79,https://www.ethmumbai.in/t/F440D1,
e890854b-63b2-49cb-af4c-0fdf1f2d5118,E03E59,5bf9afe4-d2c0-4454-9d38-d8488c85a7f4,5062dc5a-45e7-4b2f-85ec-9be71e1b7f74,f,2025-12-20 07:32:09.308,7bd93e79a7761edc9e686e80cb96ead56175c0ef95b45b1df773ca0ca2972d70,https://www.ethmumbai.in/t/E03E59,
f6295c2a-42cd-4367-858d-0093b1ff565f,BB61BF,dda5732a-4329-4798-9077-f9b71a6683ef,f5e9291f-8cc3-42c7-b5d3-dc72594e9797,f,2025-12-20 07:32:32.329,149fabb3464c72d1bd9ccfb2804cdf3412e284e5c205b6ac50a0b5577fdfb8b5,https://www.ethmumbai.in/t/BB61BF,
d6e9d47b-d2f7-4098-835c-ad7d8e8171d1,65A75C,e762f0f3-7b04-43b3-990c-8d8b0b448daa,1c267d21-44d7-4ef5-87a3-0dfc1ecb711c,f,2025-12-20 07:38:41.301,9aa161e96a1581624d6c747e28cb1331c62e5652e54d08389d60c4956487c5d3,https://www.ethmumbai.in/t/65A75C,
5f9a90e8-8806-41b7-81b3-624aacdb48dd,E11DAD,001a278c-66db-4879-815d-5be1edc87dfc,932977e0-1a02-4df1-b414-0cacaa709aee,f,2025-12-20 07:38:42.058,8146e1dfdda0de0b008f2e716b4954bfc05ecf2e06d7e4c38338a900c6fc9e8b,https://www.ethmumbai.in/t/E11DAD,
cda464bd-5eb5-4529-ba00-3b3ca3cb292f,741D05,708ae1e4-d904-449c-af64-7f3b22e7ed2d,79a7c232-7f84-40e6-9e27-4a5bcb27f6e4,f,2025-12-20 07:43:22.291,ccfb1aab3d2f80c1fe0a78c56ea735a600c7724325bc613f81e99898bc1be52d,https://www.ethmumbai.in/t/741D05,
b66d974a-302e-44ec-8291-efef3da47969,6CF146,82e73190-eece-4469-a8ba-61db3a167c9d,7d902198-2998-41d7-8eda-e6116b22c6b7,f,2025-12-20 07:48:18.473,c949a81bff1fd3944f0cab049a6d332b5c3810d26a173ca2670ec17a8b6e3c31,https://www.ethmumbai.in/t/6CF146,
17cae10d-bd05-4b18-b68e-2395a72e8d0d,E91CDE,79011c33-39a9-41d7-a000-c3a362e5a31f,4fbddee0-a516-496d-ab92-6641c313b9b6,f,2025-12-20 07:49:43.327,9f8bccb3a4721cfc61d90d1c861c4b1600db30dc9cc4fa8973ba98d5e5da75c9,https://www.ethmumbai.in/t/E91CDE,
3f595b22-9b68-4da4-85a2-187fd728655a,B7008D,d82acc89-8c60-4c54-bd58-9d5f8d5e27aa,2b79c83c-036e-42e5-9123-78823a028f53,f,2025-12-20 07:49:52.133,a429cabc4f9518e424ac8f462b9887c532ec680e817c9613ab2a1e3970ff9b5b,https://www.ethmumbai.in/t/B7008D,
f7f06e64-64b4-45f2-be67-e2da237be251,BA9C85,7f67eabc-2c67-4477-b94d-ef2a2b5201cc,c708a031-ca42-4ee7-aa83-5d3c561062dc,f,2025-12-20 07:54:21.821,11b3d81ccdc16b6b3170de42fac15af5969a25cbbb3f659aa58cb21b7712693e,https://www.ethmumbai.in/t/BA9C85,
efbbe1c0-1313-4a90-a17a-1353e76d87b5,753B8E,c0dac3d1-6991-47ff-835c-39da4a5f5398,53b17e9d-a5af-4eaa-a5a9-4751877b3edd,f,2025-12-20 07:55:37.769,257a29879954fb8f996c95779fd7e4aac426b526bc7082b8b7dfb8b32d00a570,https://www.ethmumbai.in/t/753B8E,
ce26094c-146d-4eb8-b390-a3657af1fbe9,E99F08,a5863d39-5470-4a97-90db-0c87dc079133,8fadb2c9-93e4-47e4-904e-e182fa09274f,f,2025-12-20 07:56:05.531,d7860a80fb1e54ab5e0ac1a1bad4580a1d694535aa0377ee4cf4b54e1402f801,https://www.ethmumbai.in/t/E99F08,
95acadb9-741f-4ffe-a47c-c0fd067c43b9,951888,14384577-dd25-43b0-8540-422692f75d34,12faa944-31da-4a64-b8f2-82c51f2c2274,f,2025-12-20 07:56:14.111,e68e6d361b19ba81fbe2b125fb19100a279f5fb197856facd2a6aa4a4f0a81c3,https://www.ethmumbai.in/t/951888,
24a5589f-f65f-4966-84f0-54386c2ae90b,54FE6F,f36a89b5-3b29-4040-977f-a8eb258cc2a9,5e629647-3ea1-4d39-8c08-518788df5045,f,2025-12-20 07:56:49.333,ee10265bad89f758ae245fc63a6849dd7eec8290fa343302aae95f62e20dd336,https://www.ethmumbai.in/t/54FE6F,
be6f687e-c10e-4b3f-a3c0-ec41ff99e52e,2F45A6,87fe8f95-02e7-4b30-b411-ea75fc4e8c49,0acc492d-7cff-4103-9d6b-262428ab833a,f,2025-12-20 07:56:57.611,a42c773217b968abcedc4a0a40d2f2e44747ab2fe7b2274a39f6136a9d55f6ab,https://www.ethmumbai.in/t/2F45A6,
43a55a64-3bfb-4e08-9449-fb65ca73d8f1,1B099B,d7a751d4-1fbe-428b-b346-d07991f58d0c,d6087f41-23ba-43d7-8386-9ccf91450918,f,2025-12-20 07:58:22.013,571050c1e0fbea81a7e51ff30a03f764230c2edafa6f98b75c7e9a089629d9d4,https://www.ethmumbai.in/t/1B099B,
0e5836ac-6cc0-47bb-8909-242f48e4c074,480504,d4f61610-232a-4352-8c25-55eb9b36d46a,7e9e6a9b-f763-4a64-ae03-c15878d3e252,f,2025-12-20 07:58:45.454,db105994c6d6785eed91c7922598f2e180a0d89048c8f8ca24f5d288a74d9388,https://www.ethmumbai.in/t/480504,
384cd394-e3e1-46ea-9015-6cf333ee1bd7,13A4B4,eb351d8f-441c-4bbc-b4cb-57073cf02531,4f8845cf-bbd4-4016-92b3-833fabef2d2a,f,2025-12-20 08:03:09.765,42db70df1d9ca4edc49644169ab20fcd86f02f1f556cc0d412345753e623dd1a,https://www.ethmumbai.in/t/13A4B4,
223d0044-5bee-44e7-911e-bcbe05c8d51f,D74E07,c3e0cef0-7af9-4ea8-8d5a-aa5d2222a34d,f314c2f7-e8c7-4e7b-9269-155a19b43c7c,f,2025-12-20 08:03:19.123,eb21ddae579759e62c2d0cef578fcf8c8cc10696ba46310c8b47eb7d3d6b5ddd,https://www.ethmumbai.in/t/D74E07,
bcaff500-97fd-464f-823d-8a0d51351647,6AAFE3,171aeb4a-cb30-45cf-b00d-2b5834270900,ff2ffd24-d196-4abf-ae50-6a6aa92c6121,f,2025-12-20 08:05:29.812,93e364e5e4d0145040ce32022a5a592cdce71a3ff60b8fea049bb1c4495d7576,https://www.ethmumbai.in/t/6AAFE3,
90260d99-772a-4fde-a605-1aa86302a073,B00DFE,f3bf0f23-0189-4833-843b-e96e0f397602,9d95390a-5ae4-4055-8149-301db7fd6818,f,2025-12-20 08:07:39.34,c8f8046e2ed16bcbdc12a600dbf8246b65b1890a17eeda115ff1d0a870abe585,https://www.ethmumbai.in/t/B00DFE,
301876d5-1c0f-463c-bb3e-9a80ebe768b6,EC67A2,38c8da91-368c-4cd2-bbd5-758681421a5b,03006711-bdc3-4f5e-ae0c-b66d04909908,f,2025-12-20 08:11:06.526,b5c34559e09ab2782572b51a70624030da9db2f26663627b20d24ace34e3d945,https://www.ethmumbai.in/t/EC67A2,
8e43cedf-229e-4900-bede-13e21a1b6a9e,632A22,c8c07c43-0b5b-47ad-903c-554504323743,ddd06563-cc54-40cf-95cc-badccc6ae059,f,2025-12-20 08:11:42.046,3bdc993d7e59b33852c18d0f0bee63dd339085d7f78e74d92c74e16f9496ecb7,https://www.ethmumbai.in/t/632A22,
8fb59a59-3b0b-4dd5-9353-bf1597930e09,8F7999,953b92ae-9633-472a-982f-c0c015a26086,9af0966b-1e9b-469b-aaa3-4b0269b1f191,f,2025-12-20 08:12:41.215,b33572d09a9b63e0594745f2c715cc96641cc2a78791214f251734811828cb71,https://www.ethmumbai.in/t/8F7999,
af532e18-7bc4-4d9d-82bc-8e45884dbf48,65FA49,3d777a04-ed91-4e3f-9204-a18dae129e31,50eaa7a3-a203-4bb7-aa17-29ab2a5d3e4c,f,2025-12-20 08:19:45.247,4ad5ecf01d59b6393bf6d73f0548b2d14c9d708c5f63569db6a3bfb373b06e56,https://www.ethmumbai.in/t/65FA49,
58d5934a-df47-493f-8951-a30a7c206d84,977F7F,0dce2958-2ef7-4b17-ba51-f4c07c9ac596,2dead888-4f1d-4692-b97f-caf544785b27,f,2025-12-20 08:20:05.525,b0c1bfd3f46ef262770104d97b1931c8420ffcd9d1c7189bba11dd92259001e0,https://www.ethmumbai.in/t/977F7F,
26dc4f77-045f-4ec9-ba93-582e963dae55,40D43E,4199d452-3d5e-414e-bbda-c717a44ee018,779106c0-f4b4-4d3f-bdf3-e92bd9d2a3b0,f,2025-12-20 08:21:07.613,fcbe2a0930c6469be647932aaf92b5bd10f31b4087b49544d07456efb123d39f,https://www.ethmumbai.in/t/40D43E,
debb2d82-2ce8-4b64-952a-8b35912d530b,4CE17B,5ab0baea-c7ee-4937-83dd-686fd8ece370,61b1bf78-85b5-4497-81ae-f0b9de31e3c8,f,2025-12-20 08:21:29.828,b15fd754b6727c8f8605e7176384e37292d71c1af7b52150cff1336dca224511,https://www.ethmumbai.in/t/4CE17B,
a372a04d-ec10-4914-97c7-24efee51c06a,85DE36,be4f1a64-4270-4689-9383-f80d857e6554,c6886b5e-1959-4e3b-b2f2-778309f933f1,f,2025-12-20 08:21:53.989,016079ebff2df9afdecf954ee90d3331746bd8a14d00e81768959e477205489d,https://www.ethmumbai.in/t/85DE36,
264fbf0b-2d99-4691-90b4-e64565a956ad,DB18F0,b81401ba-4780-43af-aa73-05dae7c04585,91cd42b5-48b8-4938-911f-19b455abb49b,f,2025-12-20 08:24:14.118,b24a6f4cb227cb2be95fe76d869257a4e12c541366863332b2fd531dc2046163,https://www.ethmumbai.in/t/DB18F0,
df9a59d4-7987-44a1-86c7-c0df4b85a366,4CD7E2,7481613f-56fb-47b8-abb8-c92224626ca7,cafcc822-d819-4085-b3e5-51298dbda7cf,f,2025-12-20 08:24:19.181,9ad7d1ab963544b0591406783bcde3960a4f12f2de51d56cd3660f2821c3fc9c,https://www.ethmumbai.in/t/4CD7E2,
aeb08665-ceea-45e4-a7a6-04b6638a1d5d,5589D5,9aab0053-1d56-40d9-ad0b-94a5496ceb6b,1060a360-33ba-42a5-a5da-6cca06b01af6,f,2025-12-20 08:28:57.698,7d6961c5a44cc3cbe35005c17d57ad961c12a7ae0186f99314ebeb95108fa5d8,https://www.ethmumbai.in/t/5589D5,
d776f576-dfc9-4053-ac23-5305c180e7d8,B051BD,cc3850d1-a45a-40c4-a796-1bca2db858ef,6b8336b6-98f2-4593-866e-a7c078c81fd5,f,2025-12-20 08:30:15.058,0481cc6cf0e6aa74be52a9ae34f14f28176fa1316e86e50e07816868fe7571d8,https://www.ethmumbai.in/t/B051BD,
e38b4e18-589c-4fb9-8e65-c3f1a4e4ff01,0E77B2,ec39018e-b788-4600-b33b-8af2e86e27b2,f52054db-8c9c-4b9a-9242-6400c343a259,f,2025-12-20 08:31:28.959,ff47e9147a3ff4e5d9336ee4fe39d2bbb588e35cbef888130a9f0031780b69e2,https://www.ethmumbai.in/t/0E77B2,
49f46183-ef33-4d1b-9aed-fb95567ebcaa,EC669E,86c86e9c-0e0a-4b23-be9e-2f9f72a1d4cd,c3cfe01a-4d40-4528-b321-841ebe973877,f,2025-12-20 08:31:31.295,4c7fbd103321eca6e5f05e892b0161ca94da5c3833edbce1ea3ff3dbf10d0f4d,https://www.ethmumbai.in/t/EC669E,
5fd5eff2-f033-4a24-83e4-25643551547a,70AAE5,de3559d3-f5c7-4276-972e-c7880df33b91,d1bff075-f2f2-4027-a51a-35c0cb60de79,f,2025-12-20 08:34:01.161,89d9b4ab4a55f6bfb2a7d0fd196d0d6d77d382a423dbb108b641a64afa600465,https://www.ethmumbai.in/t/70AAE5,
4d1f36b9-b2b7-4b8a-a23e-46984a37f0f6,A2E55E,60bd3d57-1852-4216-992a-23d6c4051632,f29bf040-4cb6-4c5f-a80d-8dacab9e44d0,f,2025-12-20 08:34:29.693,e310dae0fd57bd19854581c889e7b92cdbaac236476982fb9a3546f0ccfbe099,https://www.ethmumbai.in/t/A2E55E,
f8f7d824-11f0-4d84-a873-1544bf834da8,D1B19B,a0138a91-d776-4ca6-bc0f-04e555305b1a,fa5fe23f-bdd8-498c-8d28-5af48bde38b4,f,2025-12-20 08:35:20.053,334c83049d84e70a95168c30b85cbfd5c0abaf5d9bba599d4fbb75e1bf2a47d2,https://www.ethmumbai.in/t/D1B19B,
9b2ddddb-347c-4301-8829-61d654244322,F7F33C,b5393764-f520-42ec-aa88-a6e3f88fb8ee,770d38a3-5ae4-4bfc-97ca-9237a0ed8391,f,2025-12-20 08:35:42.951,680d16d0f982a1d3f097bd699ad28a6ae1786b7d8a46a9e430af75f7052c8244,https://www.ethmumbai.in/t/F7F33C,
53ec4b2d-c754-405b-9566-fc06e29ed757,11F4B7,1742692b-6a06-4104-9c55-00916ded1517,bc5bd966-33a3-4aa8-9e93-d8c627cce079,f,2025-12-20 08:37:47.313,8b8e5c1eaff1bec3a855d88e6d5d4648335825f79676ebc68eb51e0359987455,https://www.ethmumbai.in/t/11F4B7,
db82bbaf-cfc3-48d9-9e8b-7133582a5401,23C14C,fba3422a-1c03-4e97-8d25-6fbf09a410ab,901335b3-5fb8-47c1-8708-14ed94de9893,f,2025-12-20 08:38:18.286,0c00b1600513d2c6d197346ccf554bb277e30893a1f4119241dcf384b8f1a109,https://www.ethmumbai.in/t/23C14C,
209ad224-cfa1-45f5-b67b-9f34043ceba5,FFCA06,faf2ef8f-f291-47f6-ad39-7f55dea22400,39de931f-01b7-49e7-9df1-f6f3604f2c63,f,2025-12-20 08:39:09.931,dd26c05dd9c8371c68fc25ddc5c2c66f15adc5a2c2db62d23015142439cab519,https://www.ethmumbai.in/t/FFCA06,
e38c71dd-8b04-4928-847a-10f26673a894,20EA59,9be38f08-2107-4454-89c5-3083d67092ea,65c4ccc7-f9a5-4e20-9095-9d3fba87c858,f,2025-12-20 08:39:26.393,0b036d086c8858ff7934dee0e9338c9bf629726d3761c9c8bcbad97aa81f6db5,https://www.ethmumbai.in/t/20EA59,
566c212b-a8aa-46a4-81f6-4d378f189041,3D6C67,db53bd2e-a1dd-4b55-b8d0-488a3f00b56b,015fcf24-49b2-41e9-975a-72ea94e236a1,f,2025-12-20 08:40:04.504,8b6c4f6fc34d4bb47e9b8b939efc5b2e1aa9ebb99a1481e3fbae09e543bc3cb8,https://www.ethmumbai.in/t/3D6C67,
94acd1a4-6c3f-46ed-82a4-07ccc26cd4b8,8CA136,563f6322-c982-4216-a0a7-d143f465936b,732d748f-a05b-41c4-9387-bcae0b23e47d,f,2025-12-20 08:40:27.24,afcc21a6c429c6e9101da430637bf3f1aa82ebbed04d48eb36de051b407e4373,https://www.ethmumbai.in/t/8CA136,
64c1bcb6-3d0e-4ef3-a02d-32121c5972c3,F3E609,1b07c902-209f-40a2-ac3e-ef5e208b7163,34da961c-e576-4cba-bf2b-ef742af975c8,f,2025-12-20 08:41:44.215,55c7d04470757efd9ce69da2f5cba2b8754f54cda62e2123b06a3cef3b8330fa,https://www.ethmumbai.in/t/F3E609,
d342909a-e921-472c-a0a4-a32579be88ae,A9A5FE,57c5fe54-ebbc-48dd-b1f8-0f14249f1fd8,405bbc71-2f07-41f7-9192-6cd7b91c3bc7,f,2025-12-20 08:41:54.035,f09dc13cee85e2d320e88ff60cf82ba0cbe7cc8e713c321f948015c0dcd63d38,https://www.ethmumbai.in/t/A9A5FE,
38e62aef-642f-43c5-b70a-8ee9bd9bbf5c,2F83B6,df152614-3b9b-4725-8c2e-8640d69102bd,69de6269-9f14-4360-bfe1-5cd5aa984000,f,2025-12-20 08:42:35.95,49332a49a8f73f40e8340fffea7cdd639ebf706cdabbf8cbf1abe55e84f02491,https://www.ethmumbai.in/t/2F83B6,
626357c8-7b80-4d1a-a57c-aea6d5cbaae0,42253,4cfe7ad9-285f-4855-9dd2-2a514ba3d0ff,77034ccc-6c9c-475a-8b87-e7ae01a7673f,f,2025-12-20 08:42:42.104,379a4cb42706b7f593806f94d2525e215ed537eaae881fbd955e1054e395d7c9,https://www.ethmumbai.in/t/042253,
507636c9-a90c-4486-a168-0c3586337aed,7E7B5C,d07c34ac-4e45-4c38-9238-8dec38a06eff,df437491-a516-4028-9dae-7c4298d3ff16,f,2025-12-20 08:43:03.358,c410be0953f8fa37bebcd760e85ea50ed2e38c86a293c283930ca0a57e987346,https://www.ethmumbai.in/t/7E7B5C,
2b9f6468-6395-4da9-9355-43f6781cd941,2E247B,e4a41813-b174-46c5-b80d-dedea2879c2b,5ca9d670-db57-46dc-b0b4-53e1f212bc74,f,2025-12-20 08:43:24.477,12c89f552da7e54cfa579b1fcf94ae2947f14583807534fcf3281dbb6f03d309,https://www.ethmumbai.in/t/2E247B,
9a38bcc3-e37a-4476-88c2-c22a9d02fd0f,0725FC,738f5b8b-6f63-448b-a4a4-08500ba08b67,ef63b0da-619b-4283-a984-a5346aeaf2d3,f,2025-12-20 14:34:25.657,1c525261f9afa1c32f11b97241d57850605e9580cc07442ff315979a8b561fe7,https://www.ethmumbai.in/t/0725FC,
7d7cc3a2-6f77-43c8-95dc-ba6cd00586b9,D2865C,782221b5-66ba-4143-9a5e-e5d3202c7587,cbb337d1-f5f8-41a7-85df-4b9448608fc6,f,2025-12-20 15:07:46.478,398e51299d84170031f5f2f63c7cbe11a12b8b5ca19fd267c85f49e87c863311,https://www.ethmumbai.in/t/D2865C,
e34f84bd-f5f1-49ba-97fc-817373c92697,A02A42,a1a7ed57-1844-4520-b00f-8ccf7589700f,f248fe24-bd93-4569-be58-0ac1a9bc295e,f,2025-12-20 15:33:57.151,746c6b5e7712f48b783b40a942f084851cb690c32041c0ea7dcfb774db84830d,https://www.ethmumbai.in/t/A02A42,
4365b446-8abf-4b44-8a69-330dbc01e859,9C0280,7f4c3fd3-4d4e-44be-8892-f9aeebb249db,322f7dec-82d5-4809-90ef-6981400e34f6,f,2025-12-20 16:06:22.77,0b0befa8304ab2e9c3fc02c169526f89f00a1bfc1e0a808727c5a045405cb559,https://www.ethmumbai.in/t/9C0280,
92cd639b-6a8b-4db3-bae3-7bcdceeab06d,AAC7FC,6f50ef36-38d7-4e2e-92dc-a2597880c039,c566322f-55c3-4813-911a-789f178de721,f,2025-12-20 16:16:53.836,3f3a10eae7b7f5fd0fc3dca16650cbf0f8f4576a2c8c6fd61f62d7fb905fb4de,https://www.ethmumbai.in/t/AAC7FC,
45d9999b-733c-4138-9320-c992d82f4425,D34E32,735b84af-f028-4f0d-85d4-d5ac27cffed5,4a4ee8dd-0227-4c42-9b7f-86ac8acca269,f,2025-12-20 16:23:03.817,4d683a73ef258e0efdcb1497bbd0fbebe535f6e7cd4b92737417596f21bbb54d,https://www.ethmumbai.in/t/D34E32,
161ff10f-6b2c-4d3f-9aa5-e58a31828740,CE9014,1b16d146-a89b-450c-9309-c2f8c1295de7,5fb65e04-ad6a-4dcc-8cf9-d66051a1e4ac,f,2025-12-20 16:25:30.733,0569fd95816055567801643ee07eec22913307499126d31ce701486fa3183a78,https://www.ethmumbai.in/t/CE9014,
e7f4e971-dc8b-4f65-bccd-9674406d5fdd,02A7DF,64ef036d-978c-4c11-8b41-f28cff932fce,6a952751-6010-4bf4-9ac3-da0e576f10a3,f,2025-12-20 17:03:39.751,f49d41ba212552caba84b4772e9334a787f0d38f5923398fd0bd17fedb315360,https://www.ethmumbai.in/t/02A7DF,
320f6fd5-fad9-4836-8ef7-d137872fb266,22DE6A,79c26b96-85e7-4229-abaf-2e5f355c25ce,86d95028-53e8-4a85-ab35-5cf0905a4ff1,f,2025-12-20 17:30:47.491,a2fce778fdc9f0f441e8104a04fd12c3f61c26bd31bdfaade60f0a429e004da5,https://www.ethmumbai.in/t/22DE6A,
63f4b0ad-4313-407b-8f9c-791d47c49412,351F21,79b0b35e-3177-493c-ba16-b256d15c3bb6,86d95028-53e8-4a85-ab35-5cf0905a4ff1,f,2025-12-20 17:30:47.491,4270ea4b6bc1e47376bbd868fb833ddca1f6d9ef0301db4df2f7078440fda303,https://www.ethmumbai.in/t/351F21,
a2370be8-505c-4769-bdc6-19fcd638e0fc,7473B4,249db5fe-8d18-4d72-a205-78cb76934ff4,86d95028-53e8-4a85-ab35-5cf0905a4ff1,f,2025-12-20 17:30:47.491,3811d94d091d467225c49f6dc13be535531379e1a9eea84c8a2f9d0f6db45474,https://www.ethmumbai.in/t/7473B4,
4e14cce9-b734-4e03-bb84-7e21ac36595e,A17759,bc77217e-aff3-4fb8-8a69-027beedaa826,6d7fea86-dedd-46d1-acd3-f22c35844c17,f,2025-12-20 18:13:54.026,9883488bd2423dd37bb590e0f96a7d13a49353288995f553139f323e9db1c690,https://www.ethmumbai.in/t/A17759,
dd6143eb-eb7e-47e2-8499-8b7d5d3614f1,A93560,4f20f286-9ddf-4af2-9a8d-e7e61186cf74,2f249826-e56f-405a-943e-c9ab4d3a5388,f,2025-12-21 00:14:29.027,fac825b65ed279a5d19599bad9d9b521b0cb10a2fc7a67689d93c0410fe000eb,https://www.ethmumbai.in/t/A93560,
6b477a4a-bfe9-4bae-abdc-50e38a3437e8,E9EA59,dce071db-f3ee-4eb0-9b7b-a6d1e720a715,18d89b59-78c2-46ab-8f5c-1abcade2733f,f,2025-12-21 01:21:52.101,7dd0e721954ca0165f6120bc69cb1fc0bca280a92ef3aa766b9c47a1067b2672,https://www.ethmumbai.in/t/E9EA59,
340d0709-1340-4d6c-b51f-c25a83ab61b6,B40FA2,61c4ed1d-eb80-48cf-8045-0cf3eac61630,c69d6faa-110a-416b-9816-2fb16f52d64e,f,2025-12-21 02:26:34.006,ebce0bdc25b637f82506603ddc0e5614825cb2cab4cdaf193dcca1ab1877a8db,https://www.ethmumbai.in/t/B40FA2,
5040b896-b8d7-4df2-98ea-a1c51f40940e,FE2B6C,2bd2c9e8-d39e-411d-a962-71cf6d8ee64f,4341d307-3e80-427d-a5b7-c095a1b20fb3,f,2025-12-21 04:08:59.913,6b476fc5396db48fce6d474e4c02d300b087c8d00bd892fa6f8fa07bc1ae6fce,https://www.ethmumbai.in/t/FE2B6C,
a478b6d4-8d46-444e-8397-d6bf2317de96,2E0B10,3679060a-7729-465d-bff3-8a41f8a6104c,4011bd11-5ff0-45ba-b9d6-71b92ae2fc08,f,2025-12-21 05:52:04.315,de1a7c1af6caff7c3471ae9fa2ccff760a000d9ebe7577b7755bfac386762af6,https://www.ethmumbai.in/t/2E0B10,
eb2173d8-9f81-45ac-b5b6-5cdb56e88d75,608BCC,ed3fd2e7-2395-4559-9fa9-e81810ddb0e5,a1e3de31-9646-429a-b73b-d480dfd2ad16,f,2025-12-21 05:57:47.87,2cc3f1e4a260f2ff53d18ba57eb3f9b938731deae4c5154c706d33294b3625fb,https://www.ethmumbai.in/t/608BCC,
682a7498-abce-4722-bc34-1142a866b4b2,F7819E,66dba4f0-4cca-42d2-8f1c-156d28a51156,601dd87d-3a88-4a61-9ea6-c9f642ac8de6,f,2025-12-21 06:16:36.507,17e4242154d5a2c0bf89dbb0271516e6b64025c15c44d4cd5cd92580994c5c47,https://www.ethmumbai.in/t/F7819E,
576a8338-0631-4caa-940b-967163cafb27,7E8D2A,daf54cda-dcd2-41b4-8198-1f71165ee624,96bb1624-575f-4e9c-b0c8-3b4b732c1f8b,f,2025-12-21 06:32:25.38,97e6a1232ed317ef767dae4c84fe5dbf9e494966d694c69b1d4cc3ec77a366fb,https://www.ethmumbai.in/t/7E8D2A,
43fb5f49-5b95-4795-b104-341a9899f432,1289FD,dac2d719-c1d4-41e0-ac92-fceba8fe7abb,96bb1624-575f-4e9c-b0c8-3b4b732c1f8b,f,2025-12-21 06:32:25.38,35aa3030f8a3430dee596e01eb751af43e019e579a669b213277ffd6baed7f53,https://www.ethmumbai.in/t/1289FD,
40d1b6a5-3f74-4d63-a6c7-536e1358d05c,BA332E,32e9a2ab-3323-445f-86ba-26da19c9dae6,6c6ea977-ec4f-48db-8cbc-dc935281f5f8,f,2025-12-21 06:35:11.536,02307b24fc6c478dac2dc869c64b1c8b866aeb61c5841803c891347702bb1a6a,https://www.ethmumbai.in/t/BA332E,
78c892f9-775b-4899-9162-582234b03335,ECED2D,879ed752-e5d6-43d8-b5f8-f72bd3bc11e9,654e5553-b48a-4b4f-978b-dc08743ae8b2,f,2025-12-21 08:05:50.803,9b6ed0a40307eb10d3d50e1bcb6c0e1525a88288b9269ab0189feb0253b9c5eb,https://www.ethmumbai.in/t/ECED2D,
03f65f3f-2fbc-411a-887d-feba07e6f585,CA7E1F,80b048e5-7343-438e-8ac8-8ed176fd10bb,7075f6e7-94d0-424b-8124-30f9d6b2953e,f,2025-12-21 08:24:22.083,1db63c6e9a663e3c4d9310ca563ac54179cc51afabca10a9b2996aa415a132c7,https://www.ethmumbai.in/t/CA7E1F,
769bb29a-7f15-4b35-a89d-9f9d4cf7c070,8D4188,a3fbf2c0-ef0c-4fbf-9766-da7d691eb70f,493b2fa8-ccfd-45e9-87fe-61c8194a66d3,f,2025-12-21 08:51:54.959,a744cf6ddb5662e3e69e0a4fe787b01864035bcb8ece84924ecb5e4026e232fa,https://www.ethmumbai.in/t/8D4188,
48f089e8-ae81-411f-9112-6ae080691cdf,DE32D5,9f087598-8fc7-497c-9718-1424bc064298,493b2fa8-ccfd-45e9-87fe-61c8194a66d3,f,2025-12-21 08:51:54.959,c9d493a956452617831e5fe416439c9e62cc8fa3f3b21347b4d2b6b68d689626,https://www.ethmumbai.in/t/DE32D5,
48e488b3-befc-427a-a43c-6b9563582c73,B61ED7,4b2f5dde-4cee-48b5-82eb-cbde8c6d68fe,a9e95fdf-62f6-4647-a5b8-1365dd08fe6a,f,2025-12-21 09:01:18.415,aba8fb12f75d01a78fdf1762c1d18b476ea1992a8fc3268de92fcdf0825b1939,https://www.ethmumbai.in/t/B61ED7,
312e20d8-98b4-4bb3-8993-3b6d4d40f64d,3117,15bc5e39-c613-42d8-b360-00b5b08255fe,f0282281-bf47-4968-953e-be396f2bc6e9,f,2025-12-21 09:12:31.058,717be4c773384c3771ec71c8ddc2efe49407008a814f92cf2fa802708dc71cca,https://www.ethmumbai.in/t/3117E0,
377b2a4a-911b-4a50-96c9-3c3e66b7e255,BD9CE4,da47a860-5f4f-4fe4-ae9e-ff9ed7470709,c86e226d-e155-4fb5-9cb7-ab078dfb4ad4,f,2025-12-21 09:23:36.19,e92dba998446e5f9adc404964f03878a68456b0b457eb3b79f0e3fd1ca950698,https://www.ethmumbai.in/t/BD9CE4,
ed7ad9de-f685-462c-ae8d-ae4687c21727,F05F2A,6c96583c-3d3a-400d-92fe-9c60cb9241f5,c1fcad5e-d829-4fda-a988-ed6d275a6ba2,f,2025-12-21 09:51:04.241,d428dcfcdef19412e2193e3510c15db69d064cb0e7d705d4960c527a8fa61c9b,https://www.ethmumbai.in/t/F05F2A,
d1a192d7-9cde-4d3a-8d8e-27ff73a005c4,9B01F1,1bb60dde-ca1e-450c-96d6-1defa4c22dbc,a7779d36-6a7d-4171-b975-b9f615704c61,f,2025-12-21 09:55:09.274,4cf647452f63bea0192c53a1fae06bca10c3826d6b3f00ad3322ae1de1ee00f8,https://www.ethmumbai.in/t/9B01F1,
35b83201-3e85-453d-8856-31f49f18db05,2EA374,26f3b41a-9e7a-4232-b58b-da6fdde1c6ab,8c5eb8a8-f3d0-4525-9aa3-9d9db409f312,f,2025-12-21 10:08:28.967,d754e65a5d77ff44e9f99c150e8b60f331cae2db16430f14996a6efafcccf05b,https://www.ethmumbai.in/t/2EA374,
c0d00c5b-5357-413b-a078-08dea59e676d,B66327,bf0abe72-99d9-46f6-ac9a-8d808e2db625,6ed0ec31-519e-4b97-be86-ed7b65d0de13,f,2025-12-21 10:09:56.414,90b2d4b660b6942f3ddc35b3002c4eaef954ae1c6f29701b067d2fd0ed55b982,https://www.ethmumbai.in/t/B66327,
23412fbb-f58f-4185-978a-4aa576c50ed6,248FFC,35893c6d-2a76-4e91-afe2-0c6b3da6968b,73be08f8-2851-4973-ac4f-5b2a9a1ae4e9,f,2025-12-21 10:17:59.795,da46cb8f15b81024a8a0243e32d4bdc5565bfb955aa2286d6aa1e7c6af31a25b,https://www.ethmumbai.in/t/248FFC,
c26cd8fc-177a-492d-bfee-77934ca1736c,CFC800,5ce97db4-0399-48dc-814e-5a546aaaccb2,ee6f004f-d82a-4a2b-b7a6-63d4f51bb767,f,2025-12-21 10:37:29.86,cbdf8060a0c5fac7053792354c5b3c2d091f9db6f067ce49ca0876993844a88c,https://www.ethmumbai.in/t/CFC800,
ef0a175d-80bc-4977-9cfb-7677fe6a39dd,FA7535,d781e90a-5077-43ac-880f-cf6852ca86b6,ee6f004f-d82a-4a2b-b7a6-63d4f51bb767,f,2025-12-21 10:37:29.86,35f96fd706d0126de43e0d538b246c860efd6819eff0f20fb12b59617695ce47,https://www.ethmumbai.in/t/FA7535,
17f46e1e-1bc6-48c1-993d-ad7ecc2cd18c,1C8594,74b134a4-6efe-4215-80a5-3ef97eb3cc7a,ee977c13-e136-4267-84b5-7ba8f50e310a,f,2025-12-21 10:52:59.099,46bec5b2eb8c33d4b057c9fad84a5edee679bb91224928fad228490adf17857c,https://www.ethmumbai.in/t/1C8594,
57ce988c-56b4-4330-8c50-38113a0cdc83,6024000,ce97355f-9fb4-475c-9b9f-4f56f89009df,28f7d181-ef44-421d-8843-f69a87bfa53f,f,2025-12-21 12:05:09.781,a38377f8e344ff4c0185b4853b4748785fecf43947dd4a56718fef592fb4e617,https://www.ethmumbai.in/t/6024E3,
4926c81b-abe9-41ab-8da7-622a794702ef,D78710,de5f14cb-f04b-4916-863d-b188497fdb77,7d999bc2-c32a-42fd-ac81-8ae48b23c0b2,f,2025-12-21 12:44:03.971,d53dece5eea5484900a8050e8aadb5b4c87697dc13ae7e4492551a0642c425ca,https://www.ethmumbai.in/t/D78710,
e6577035-2bb9-4e8a-a471-9d562715ac7b,9B3C80,7206a204-d45d-4b07-af39-3dd2f58b8f7b,c68ea5d0-f18f-445d-b5c3-7bbf2ac03274,f,2025-12-21 12:59:07.546,2e78f8334f34ff52dbcacd413ed118e0302ac4d496da969c7dc08fcec3722d4f,https://www.ethmumbai.in/t/9B3C80,
2048842f-5f42-48e9-b937-6b05467d1124,7BDDED,862bae4f-4599-4464-b4a8-eeb54f105515,8d1f93fd-04e2-4270-942f-1173f21dc105,f,2025-12-21 14:08:45.419,cb76df70b0c942bd8af726edcfaaff3503290c897b024ed16476a1d69ca428e7,https://www.ethmumbai.in/t/7BDDED,
a6fea117-f32b-46ee-a70e-2c7ba7d19788,91ADD8,711b2631-bd27-4744-8b33-0dcddaa0b070,1486ab16-28d1-443b-abd8-8a8e2631b17b,f,2025-12-21 14:12:31.973,7f853a1ff497048a0e2caeb64bd7d24c72752bd32c23d18f01733362d683e6c3,https://www.ethmumbai.in/t/91ADD8,
8aecc551-2090-4c4b-9331-82015088d86d,DE709C,50a4aa30-d615-4f6d-ab26-fcd00f09c53a,1486ab16-28d1-443b-abd8-8a8e2631b17b,f,2025-12-21 14:12:31.973,9d0fc988d894283a66ace4459d6045daeec05f1cb82be16a143b2ad1e6f663c3,https://www.ethmumbai.in/t/DE709C,
66b2fd60-7efe-4194-912f-357117f692ff,D17F4D,4a7c48af-517a-4549-a0d8-edb3f39d5769,1486ab16-28d1-443b-abd8-8a8e2631b17b,f,2025-12-21 14:12:31.974,99961dcbcbf4c3cf1b864b7165f5c16e7e6151b8400d8958bd8596007a71552d,https://www.ethmumbai.in/t/D17F4D,
7321a05c-961f-4614-9f66-33a3a905a513,6E22A9,311c773a-b53c-4901-bbc2-b7259adeff2b,1486ab16-28d1-443b-abd8-8a8e2631b17b,f,2025-12-21 14:12:31.973,65fc00ac0bff8a32f7b3773455d9984ef8c90b522b444d683af0c11fb6aeb638,https://www.ethmumbai.in/t/6E22A9,
5db46cde-d375-4f9d-9b65-092213414155,CC5DC2,2814b604-21f5-4793-a498-dbb7a1eaecf1,7eced497-7bc7-4dff-a69e-0d967418a833,f,2025-12-21 15:02:33.011,56a49ceee133cf8bcf12390e84d277718453930250cf4652f5ea3f4303b0deb2,https://www.ethmumbai.in/t/CC5DC2,
053e19d5-e359-4b34-8fd4-3b089befba05,9CBD55,76b718f3-9bcd-4e7b-8304-c14ddc270a06,c8b93cbc-1e7d-4d70-b2b2-c4eb49ae9547,f,2025-12-21 15:14:30.697,11d0d3d0e2621e67e2ded3aa0c8f57fdd3152263bf4e5b27139388f7e7a43b51,https://www.ethmumbai.in/t/9CBD55,
83e2092d-df23-49f8-b191-4672cd4f957b,AD9FFE,256b5686-9b38-4d41-b21f-7d83639e626d,d676fc98-4e04-432a-8b9b-5073d8fc6830,f,2025-12-21 16:00:04.516,07dc2674f226f8c27202000bd2b6cfd23ee9adf714a90d0df1332f05dde5e9c8,https://www.ethmumbai.in/t/AD9FFE,
e8ff280b-7709-48a1-8473-f36cadc2ea18,598D1B,7c56fa19-a824-4a60-b791-d54ea721885f,d676fc98-4e04-432a-8b9b-5073d8fc6830,f,2025-12-21 16:00:04.516,3dc3ce74aabcb1b733a3fa2db176362cbcdd223af6577a2d3354669ed2a522ad,https://www.ethmumbai.in/t/598D1B,
f2fab9e6-0020-45e2-bac3-2c47c6dcdd45,5A79F2,211fc6d7-983a-4b55-ae84-04d5829fa1c3,d676fc98-4e04-432a-8b9b-5073d8fc6830,f,2025-12-21 16:00:04.516,dc79a2c2243341b9648e2ba866ab69b2ec2602c541c27ad45ce0cc8bf1661c45,https://www.ethmumbai.in/t/5A79F2,
b9984623-dd1d-4ae1-b2f3-73c454259642,E9727B,fa779fe3-979b-46c4-b365-58c01acc4ffa,965cdadb-9f57-465b-ab64-08214e12d921,f,2025-12-21 16:09:15.009,6b4eea9eb88b14c406ffa5ed26b25c197a9f0c80e9d0657bf7574a2d7a315477,https://www.ethmumbai.in/t/E9727B,
f786ba85-4e5a-4897-a110-5fbb87d9ce59,D68C87,d92262d1-0ec3-4d7e-964e-bba557566dd2,965cdadb-9f57-465b-ab64-08214e12d921,f,2025-12-21 16:09:15.01,71e9adc9243838000329a9b1728b3bcbf9b03666cb3ceddc36b3d44cd5fc92e2,https://www.ethmumbai.in/t/D68C87,
8d9ff474-fe99-4369-a643-f97bf7969a1e,95650A,259f69e3-7e62-4f2e-8da8-06deb5bfe14f,965cdadb-9f57-465b-ab64-08214e12d921,f,2025-12-21 16:09:15.01,28316458a19459cf4c0c5efbed545bb92fc76835f1e369aef02d2e2eb70d936b,https://www.ethmumbai.in/t/95650A,
e76bf637-da81-4e35-b244-512c89f71d91,513027,1068d1e3-70a8-4773-9a91-a9bc24acc625,965cdadb-9f57-465b-ab64-08214e12d921,f,2025-12-21 16:09:15.01,8d4cb1b87067ef23906a22eccaca8fb452de109c58908631b27e063bb509f9ee,https://www.ethmumbai.in/t/513027,
0546f082-8a36-4ef7-b922-6de2d42ecb87,502C2D,17d3bc2f-38a7-4a82-ba51-0341d3f08850,f823f497-ee12-4127-bf3a-8d64ad874865,f,2025-12-21 16:13:24.181,bdc409f6f74070fa61864e80b89a593de9e2e98abdca61b2cf3dd174d17ff4f8,https://www.ethmumbai.in/t/502C2D,
e50a036b-21ca-44c3-bb4b-8367b2946322,274337,929d7233-ab74-4615-9e41-dec68f46ae32,02fc8f9d-49a8-447f-b655-bdd47d4f7af7,f,2025-12-21 16:49:23.041,a18e1e8f72d0bec8cb29b96806a04997e789a4ea5eb358ff800a735d7c514554,https://www.ethmumbai.in/t/274337,
9a8c5385-22fe-4fe0-aa31-bf0fb8644682,AC341A,1a3ace78-24e2-4938-9ff9-116d7f7382ad,72a97dad-465e-450a-b9fd-179115ab7baa,f,2025-12-21 16:55:08.801,c6b4e476bf38f712b6bc640b5a6568322b222119e6e519e935f054192fea5f0d,https://www.ethmumbai.in/t/AC341A,
15361198-29ff-40be-8aeb-2ddc95446fac,B9DD14,ef9e2237-d3a3-4824-a199-a60e51d1be08,bf3cb0b4-10b0-498b-b98e-5067305b01d8,f,2025-12-21 17:10:40.155,b3ac8c4dfd33efa9c3bdeca9c6a77f0dd4c71444122bedf945cef5863a431e8b,https://www.ethmumbai.in/t/B9DD14,
b5422fc6-f523-4fb4-adcf-04b1af7f075e,23D2DA,b13ef1eb-6e46-4937-89d2-c5732a10f6ef,9650401b-9d10-4b9d-891b-98bb8a7ce800,f,2025-12-21 17:22:44.151,9e57823d025157e819cd2f738c3ce2961a279f15e72ac9a3ac152cab372abc08,https://www.ethmumbai.in/t/23D2DA,
72400152-cd17-4765-b0ec-9cdcba1f58c6,E9E379,f8401229-46d1-4332-97a2-f1d5da839a7a,655941c7-87cc-4c35-9727-684467bbe2d1,f,2025-12-21 17:30:11.406,53c16412fafae75b50230305fd53e2d3fc1c54cb4b5ba57517c128f933ff9eb3,https://www.ethmumbai.in/t/E9E379,
ebbfca54-6768-4d4b-a7d0-ac45e031f67c,F2BC72,f4e99626-b64d-4bec-8e23-338cea6660cb,190b4e1e-8a08-43f2-a951-5ad2954f501b,f,2025-12-21 18:25:11.558,486a9f16696b529af97f26ab6ff385d6a81dc003db6e51479090bae76797934f,https://www.ethmumbai.in/t/F2BC72,
c0a1d956-1565-4a29-9652-cc441bd77ac0,EF479E,d210c590-b3cc-4784-b595-9479732131eb,c21cd89a-62ee-457c-9598-a9b6df0fc906,f,2025-12-21 18:26:33.655,7a2b83d43db6e3ceea7c924680dbe9ccc83aa77dc91e702bd0491555b721df13,https://www.ethmumbai.in/t/EF479E,
5cca9825-38c0-47ca-9847-780f9d2110b1,4B81ED,75842b12-7d1a-4adc-bee2-fc4b252e7bbe,06cbe4d3-9ba3-4985-a693-f9457857529b,f,2025-12-21 19:36:23.877,9e8221ee71be863ca3dd4670a9960b17a836620e6363b10fa1436ad2d864964c,https://www.ethmumbai.in/t/4B81ED,
507aa913-d798-4788-b023-a900741e8b21,4CBD43,5b71a4e6-1c35-4d3d-9bf7-17e5abfaaf3a,21fae8a2-41e7-4da9-9244-05cf2d951240,f,2025-12-21 19:43:20.123,756db04be8b70b3c5287eedeab8261925a993f1bcfd664d4b9ba9081d9dd735e,https://www.ethmumbai.in/t/4CBD43,
a392519e-fe6e-4202-94aa-e37ea96e829a,181D1A,10c870df-1f35-4deb-a4d1-9486ad7e0d42,6381269e-bbda-4c96-8e6d-68c27a7bc5a9,f,2025-12-21 20:24:57.472,f48cc33c90958da9fde5746417f3be2711879f5465bcd4dd9f4dc32f417f8b01,https://www.ethmumbai.in/t/181D1A,
4f2950d3-31a0-468f-90a8-ee98e9d28ce5,85C020,375b8d49-c415-4975-b569-e1268c7d6122,6381269e-bbda-4c96-8e6d-68c27a7bc5a9,f,2025-12-21 20:24:57.473,965d6a2f61e577ba66038020daa5d826892d12a2f03c29799a353170969bb526,https://www.ethmumbai.in/t/85C020,
e16b209c-ee66-4cb8-a9c3-37e273e5c93f,AAC58D,e6e93092-0252-456f-a8ff-d2ef0238b2bc,6381269e-bbda-4c96-8e6d-68c27a7bc5a9,f,2025-12-21 20:24:57.472,0c92970d032797a05277c3c61b099b10ef9edbeceffa4d699f31514f9c438d03,https://www.ethmumbai.in/t/AAC58D,
1990974d-a49a-4dcb-89f0-c96969e7c364,A73845,7ebda1d5-3c46-47a3-b836-4d9531476a5c,a6ca704a-8d80-480a-a9c5-e72a41c1c3d4,f,2025-12-21 20:34:19.933,25f6fd6fec639e4ffdf554d5cd2d97328f0b3ae4ea819967efba931c82c67405,https://www.ethmumbai.in/t/A73845,
615f5bd2-84d1-45d5-812d-cd2e4843ac85,A46DD5,24eda3d4-0c1b-492e-9e59-8c545b158d79,66b471d1-32e1-45e6-aad5-37cf1ecd1bfd,f,2025-12-21 20:36:50.048,367d571a7a0770da384872cd56eae5273a6082f01c78c4913aca08a065cc492d,https://www.ethmumbai.in/t/A46DD5,
ae450bfc-0ee7-4489-91c8-d971758229b3,76F307,f5985c51-2ce3-40da-8824-9ae85eb806d0,2d476de1-c242-491c-9cd6-7e6516738368,f,2025-12-21 20:42:50.448,25a6d06d2633d3f7ac964698c85ead337bd2ab9ebbb5488d08db9b94e0d078b7,https://www.ethmumbai.in/t/76F307,
0964c659-081c-4905-9c2e-083c8a14f673,58111D,37a6b7a8-cd2e-4eb8-af51-0bf97ad52712,b38f33a5-a528-456a-89a5-e37a9fae2f93,f,2025-12-22 00:03:31.78,ab36f4d7b189d0d9bcba5491fb57fbe18a3c4a4725cd4758ebb79f802165b192,https://www.ethmumbai.in/t/58111D,
8d1d524a-265b-44e7-a64a-daaf5a7d527e,6426CF,f88a5cdf-493b-4905-ab07-0a4d74f4544f,862d5e0d-656b-42b1-b818-552c9142700b,f,2025-12-22 03:37:29.025,263a18b9eb4421e65f90401f684599d90322ea5d49e44cd5e29bf4de69cfe21c,https://www.ethmumbai.in/t/6426CF,
a9b654e5-6d9e-4d49-9dab-3404cc134dac,4635D4,6a506623-bcef-4960-91bc-5938fecf4bb0,947f15e2-5854-45b0-9045-aab5107a404a,f,2025-12-22 05:11:21.164,01ed693969be084eed9cd854eaf37ce2967c64ac049051ecb1b12e076a8e0a32,https://www.ethmumbai.in/t/4635D4,
fec30e4f-7047-4799-a30c-06a1e02871ee,BC091A,10aca6ed-e614-46de-9400-f28fc01a5ef7,f50752f4-580b-4edd-9308-730031489de1,f,2025-12-22 05:12:00.749,c83936779308c45cd79a4aff3a91692fcccdbcd7f1bd15cc2c8121c410a812f4,https://www.ethmumbai.in/t/BC091A,
f3c80a16-c085-4fce-88b8-d372eb7aea30,1685000,32a0ffe6-22a0-4db7-bb19-37ccf896f23d,68c410f3-0111-44e8-8dae-096a9bb4ebe9,f,2025-12-22 05:12:02.608,ab66d5dc2d18e7e141f9b485e42b63709016f83aa9aea903e22ed70c05c9315b,https://www.ethmumbai.in/t/1685E3,
25446c68-82c4-465e-a0bd-6b70b4a81b9a,DCFB54,e1754d1b-0f52-4ce9-9b01-4f8c37923459,3976dd92-89c7-4ee5-9b8c-8956b28c3c28,f,2025-12-22 05:12:04.459,d338f85f4f55153d7cab23f5381090e6d7f97e9c423220938d9df00fdcd529c3,https://www.ethmumbai.in/t/DCFB54,
50da0620-01b9-42a9-9880-1e2f91401135,55920C,7b6d14c2-b120-4565-8a73-507584e2ab12,4be6053f-28db-49b9-ab51-64bae3f64c63,f,2025-12-22 05:12:05.959,be8082c6564a9139097bb750def52f83fd9278e65f99cfe4fba55896e4dc55b6,https://www.ethmumbai.in/t/55920C,
82be0aae-5d04-4d16-b55b-8e0346951946,C93116,5a954e18-783c-407f-b439-c938bfe78c4a,cdb24773-94ae-418b-9082-2f5b975c2c4f,f,2025-12-22 05:12:07.404,b021087ef5a07ae49a3fca96512511fb6d2a4219b2bc1000a6a2e3cc3fecd345,https://www.ethmumbai.in/t/C93116,
e29c665e-bb20-42c8-9dee-301704bced7b,9BC727,740a70d4-fb22-4656-847a-75380bbdbfe2,fb5ce818-e5f0-47db-b0de-4ee4143c91f5,f,2025-12-22 05:12:09.073,e9ec4d75dd50ab3751546ab7cbf6d1b0e7e8259cc293d41287b4df92f0f3bb16,https://www.ethmumbai.in/t/9BC727,
2e08a511-7c2a-443c-b5f4-4882678f6013,83894F,ea55da5e-3b3c-42ff-8425-4784f1c7dd43,89047dc9-98e8-4ffa-a416-8fe2d2d1ad54,f,2025-12-22 05:12:10.752,cfad66d39d5456f3ed399964bf5379786235f115015384616e62ed8e8f866ede,https://www.ethmumbai.in/t/83894F,
fce96335-78e9-4101-adc5-1d06a28a571d,C4CABB,7131937d-603e-4d60-b2c6-9cf76a0a7525,ce3607ac-d7ee-4d0a-b2cb-9ec69bd35ac9,f,2025-12-22 05:12:12.176,5367d5abe03ac641e95df06acacf1372df6224110a5d030edfcae830d6e13284,https://www.ethmumbai.in/t/C4CABB,
59cfc39f-39f9-4a28-9229-45c7a44ac7cc,97B09F,e4de82f6-b037-4fa7-8532-afbbee1f114d,d7e055ba-6f18-41e4-8ed0-f72a305e1e20,f,2025-12-22 05:12:13.601,483f30e379f6bdcc11231740a1cfac3cd1399d1fed5678a391c1684b812d99c9,https://www.ethmumbai.in/t/97B09F,
0ffec763-150a-4ae6-89f9-86e643fa2d08,29808C,7cfd0692-9927-4ad6-9ed4-c64086b878c5,ea5d6070-35d8-42b9-9cba-896b9718f900,f,2025-12-22 05:12:15.124,52a064ef250ed173d70bf3ad389a13a6cf98f57478ea3d22155b72b0380141d9,https://www.ethmumbai.in/t/29808C,
10e968ec-4387-4701-b62d-364fbd78f06a,D78938,7f144071-7d40-4edb-aef0-3c99fc84dec4,dec8cb28-cadc-498a-8fef-25d704b93aed,f,2025-12-22 05:12:16.611,b894ffedf59c4366022beaa0104af184401c3df954d4f9af1d516398792d190b,https://www.ethmumbai.in/t/D78938,
775093bb-9d05-4e16-883c-1d7a88e261a9,B31052,bfb0cf1c-4de3-4ce9-b4ef-4372cad39e63,83fffcc9-abb7-4c02-967d-2f43049e9409,f,2025-12-22 05:12:18.742,7eabd5d7cf9168d480f6d017ec4ac9c7a86bc3aa823766ef7077398a5fd5d52b,https://www.ethmumbai.in/t/B31052,
b1aea32c-2465-4a89-a006-1668ee6103c8,0FE186,7b723bba-10cf-43ff-bd91-810bcdaa56bb,ecb557ea-20d8-4004-885c-e28ec5d3f4d5,f,2025-12-22 05:12:20.113,9313f4b25251b0440be80fd34e633eed0387cb72260b7f79101ee4cc8c20f6f5,https://www.ethmumbai.in/t/0FE186,
175ea1ca-59a6-4e74-a60a-8fb8c09f6e32,70F62A,6e57eafd-22d1-4537-8fd5-aae7e021a4b7,11644870-c6ae-49dc-813f-ace52e852b81,f,2025-12-22 05:12:21.755,734ed3cebd0952c3fac8cdeddf9ad2dabc02fe346574db6896d92ace122d6865,https://www.ethmumbai.in/t/70F62A,
458688af-863a-4e69-91e4-e2209d44c091,BC8DE9,b6e1317b-700f-42ed-8f45-72539c23e572,296dc3e6-095d-4c09-ace2-d317fe0aca28,f,2025-12-22 05:12:23.783,acda50060d1e9ee03da9e630f2d92cf7511812b9e308410266460fa700e871bf,https://www.ethmumbai.in/t/BC8DE9,
394ce77c-bf9d-4777-af93-5c779a791b4b,65264D,780d0953-8c13-4712-84d5-73f01cf3960a,3fafbaa7-f959-427d-8476-ea31219d1c1c,f,2025-12-22 05:12:25.389,eadbee6c62ecd5362388441aab1627b9ffdaae0567abf1f7882a88714bfbe836,https://www.ethmumbai.in/t/65264D,
42037491-6926-49f2-88b1-9ee29a8d2e51,FEDECF,cf8c0213-9101-4162-90e3-831fa0aea636,91b9f3ca-0173-4ea9-9b29-b32614f473ce,f,2025-12-22 05:12:27.082,c8a81ee4fe8e064c9e4bb98702dfcbbaafafe7b65062af66a4e77b4658b15509,https://www.ethmumbai.in/t/FEDECF,
99b9cb92-dbc8-4785-ad20-e30c4b4196fb,30B704,ee9dbf92-21a9-4f4f-8a4d-ec327d6c8a64,1588d60f-1618-4f4a-b4d7-03e68773c3a9,f,2025-12-22 05:12:28.66,bdb8511dac1dde363bdf54ae415dcde90f90cda2948e9f44344393db48379994,https://www.ethmumbai.in/t/30B704,
742f38bb-7f3d-444f-8e98-a5f03152b583,6DFE3A,ddb734f1-9376-4f22-80a4-5c5991ada9e8,b33da63b-0048-430c-b426-d3d2df487114,f,2025-12-22 05:12:30.136,f51901e144024e3d9206b92e19195f118aad4c346bac8d10d529fd59f33d63d9,https://www.ethmumbai.in/t/6DFE3A,
03154407-62c3-4e05-ba79-50f5bd791a08,795FCE,d004ed41-bbd1-4048-809d-8b38763783c6,044d3c38-44e3-4fa8-99ca-3b9761b83160,f,2025-12-22 05:12:31.645,a87726ad80805f4cc0e6c2c647a7f85f498836c89bc483d57c99a081d5143fb8,https://www.ethmumbai.in/t/795FCE,
6a37c806-8353-47be-9d7d-625f8f8487b4,D2CF27,4ccb5ddd-7220-4213-98b8-e13db11649fd,7ccfc55c-dc6a-4dc8-a3bc-0a618b4997cc,f,2025-12-22 05:12:33.326,bd78d00257ac2bcad0220755dfae0bb47dceed8f7716ce4fa20f00cadd79327c,https://www.ethmumbai.in/t/D2CF27,
864eed01-a408-4237-ac21-a41501bb9af6,F37EA7,e661d70c-dbdb-4002-810d-8c2796e64bfb,d1023ecb-2fda-4ec0-8c9b-a0220903b8cf,f,2025-12-22 05:12:34.709,5a4c64bd5081561180c849113f40267257ebb22c0ad13362eb899f157f3791d3,https://www.ethmumbai.in/t/F37EA7,
518d1bce-3e0a-47e5-838f-c99eece1c170,BA8093,1053df38-f257-47e1-ae6b-cf70f61cb538,d88edd08-c840-4a84-8553-f48e9baa05c2,f,2025-12-22 05:12:36.319,2d4a5750b20b5bebbe19b773353455a607904862788824ba83a20ecafa08e200,https://www.ethmumbai.in/t/BA8093,
183ebaf4-2833-4708-973a-53655adf8aba,3A1B3B,0d83f4b2-4083-4748-bc6e-be80e73bc967,11957574-ba85-4117-83b3-807c472e5990,f,2025-12-22 05:30:56.305,b03166b4be9f1e287c4d93fdc5ea263ecaf9f44ca1de0fc873c972b722e7d271,https://www.ethmumbai.in/t/3A1B3B,
9aa74bc1-45bb-46a4-bd1b-cee3b31f7eb9,E361CA,0096f022-fb42-4be8-bb35-647e3644682f,a5a418c8-2fb0-4efd-911c-2cad2dfd69ea,f,2025-12-22 05:32:31.785,fdcf269ddae456d6850d1e8542772171588fd5b43c31fc49c2d98b7d45713201,https://www.ethmumbai.in/t/E361CA,
63c641f8-b872-47ec-b44a-a50c2b433752,760078,b6cb6d72-ab00-4adc-9397-bb541986a689,c98adf5e-b3a8-47c0-a40e-257713e9ede1,f,2025-12-22 05:40:18.36,709b2aa232762eebc95dc54cb7d3070050fd54d566726eb52497e7d8251c2cef,https://www.ethmumbai.in/t/760078,
868d40a7-630a-4ac7-90d0-4a32d6f630a0,CB0026,23d8c3fd-8a9a-4d4b-bb74-3ae245cb45af,b6aad0ef-c020-427c-b884-e575be98e4fb,f,2025-12-22 05:42:05.768,65c60810358def35c1aa46656501f9879e249532c0ee96b0ef9f1ed744fb89b3,https://www.ethmumbai.in/t/CB0026,
f5d56483-3f91-4843-80ec-c33e126c4144,9A0126,9bad9825-1892-4704-a4e2-0b5e2531b71b,f1a2c6cf-fc78-4399-90d6-bab6b4795dfe,f,2025-12-22 06:16:06.05,23df2ad4848411d18bd4751bfffed1cef96904c3170011f3f6d6e644b6fc91fa,https://www.ethmumbai.in/t/9A0126,
e2e9d93a-7389-4cd5-8baf-132060ea515a,B9175E,9c72079e-d5b1-48fe-a8c5-4dfe5d78f003,b5a72248-33cf-47aa-996a-df5389a3d560,f,2025-12-22 06:19:47.346,0390b757d8d9243aeed2dd198f3751c94a76863bc5ff334b9c63cb9c25c153fc,https://www.ethmumbai.in/t/B9175E,
718225b8-3bee-4396-a853-a5d198bfa65c,D9E695,6fd2664e-03be-4a27-982e-587ede811da5,16588e84-d23e-453d-a030-458057748244,f,2025-12-22 06:20:16.601,f95bd148c1c60ae7ba9d47c37a7e449da483e5aa92528e3105a1a2267b6ee920,https://www.ethmumbai.in/t/D9E695,
0e8b2ede-c405-412c-b980-3ecb86e44bb8,D75549,7c5abded-a3d7-4829-9c80-b58dbab27849,91b65f00-6047-4a00-9764-dec8c2635819,f,2025-12-22 06:20:38.09,d4ebe53ea32b7150323a8575e02167cf5973d2c0cf5a9bdc10e71b30d4a02713,https://www.ethmumbai.in/t/D75549,
d19bc2d4-6681-4df5-b67c-0f67ec818636,8C46F8,d130a6b8-b89b-406e-8126-72cf33ab6575,7b8d3349-3a45-4b0b-8f87-1fe09c5e661b,f,2025-12-22 06:20:45.385,140d7b2ea05f597f7dedec76a51a87a3469f3985218a1d598da0d13406e6bd8b,https://www.ethmumbai.in/t/8C46F8,
ebd9f34e-37f9-4cd8-bb5f-faa493817ef2,2EFAE6,483ae799-b160-4f5f-a8a3-b7eb97248455,a2aef073-72c8-4fb9-92ae-87b0c6b05444,f,2025-12-22 06:20:53.856,90ef13ff66e5865048d1064baf023ef2c34af32ba6269c32218ea9a64808088d,https://www.ethmumbai.in/t/2EFAE6,
5b4e0f63-168d-4614-a5d5-a39de3f9132d,E7DB4E,f06c1faf-0a2e-4e39-b0c3-6419778b2bc6,230e5806-e8ca-4896-ad5e-23d0355be458,f,2025-12-22 07:02:33.768,c8fd67efd231db8f58bd37414fd009ed5c5850c8338aa80b6145ce403238e023,https://www.ethmumbai.in/t/E7DB4E,
566d72e2-c64e-40c4-83a1-6d74b7f710de,515927,9036df7e-a830-4f61-b297-eae86dd8a745,230e5806-e8ca-4896-ad5e-23d0355be458,f,2025-12-22 07:02:33.769,1ed38e163e87ba247b33c996b4117579b24f632bef554d93bfb0cdc5118df094,https://www.ethmumbai.in/t/515927,
27e7e5ec-17b0-4f93-96b5-9ec07e598572,11F712,e4404937-a3f9-4499-8730-f144b3c4db1d,230e5806-e8ca-4896-ad5e-23d0355be458,f,2025-12-22 07:02:33.768,ccf811d5698279d7b818228c4e193727d1b02c642f320bc3c025edb1c0c221c5,https://www.ethmumbai.in/t/11F712,
556e2a00-07da-4857-8d8f-ce4acfb83681,2DFEFE,6f673b84-86d0-4e9a-9c12-8a69bcff501b,230e5806-e8ca-4896-ad5e-23d0355be458,f,2025-12-22 07:02:33.769,280e059b3c949bcf371432baf7f3c59ffc90e26b81794c59918aaf25dc985032,https://www.ethmumbai.in/t/2DFEFE,
ad844582-0b92-40f3-9b9d-589c8baf9106,369D27,7c2de402-e840-410b-bda0-7e4066d58e63,2fd7f568-d6b3-4fcd-8e16-bf9491e3cd5c,f,2025-12-22 07:29:53.918,3959e8e0b745fe6d88ed1a9da73093f599fd05a93ffbdac765f51b8e0eb41c2e,https://www.ethmumbai.in/t/369D27,
fd49cf17-be50-4703-8777-b6fcef5c0d16,C09577,a0e71b6b-17ae-43d2-bcbf-f6f7a4f57070,2fd7f568-d6b3-4fcd-8e16-bf9491e3cd5c,f,2025-12-22 07:29:53.918,8f660e987ddebbb0a4d9862e4ba055dc2debac001c48890983838b494d6f9cbf,https://www.ethmumbai.in/t/C09577,
ef4c9e30-473f-4f25-816e-c48f9912a0f4,9F7361,4b8e905b-c007-4548-9346-d9fbe31976ed,2fd7f568-d6b3-4fcd-8e16-bf9491e3cd5c,f,2025-12-22 07:29:53.919,dc942b39b524c3ba75f2de8002b7d5a3befbab517e5c73ee3f3aa049dcbdff0b,https://www.ethmumbai.in/t/9F7361,
1bd74875-22d1-47c2-aadf-673758fbb8c6,964AD7,b9fcae52-1204-4d6e-92a5-773a6ea566c7,3883b4c7-1e3d-4bd8-904b-852960dc6506,f,2025-12-22 07:30:11.657,d8ee6dc149c2ef4587d92d89f8bc0cd67e2fb5eb6c1163cecabf032db31f347a,https://www.ethmumbai.in/t/964AD7,
943c7f88-f64d-4f60-8324-2797f09e3458,83FBE6,e3986a07-0aa3-4249-809f-c7546d7c880f,e52d139e-fe0d-40a4-a1a8-d9fcdfdf50fe,f,2025-12-22 07:31:29.605,ffc11be3a44062360e5bef20ae560033aba5c30004970adfa860a561dc988a51,https://www.ethmumbai.in/t/83FBE6,
d032ff63-d0b5-43e0-9b93-8e197c9d05b2,C44160,6929be29-e85b-4755-bf22-17aaf0d04290,dda6c0db-caec-4e47-beb2-2315e917d04d,f,2025-12-22 07:34:09.566,172fe56ee2576e226c70cfe3ae4749392beb7e2e62beda03996d788e5c71879c,https://www.ethmumbai.in/t/C44160,
5842afec-a929-43a1-8009-b1cd8397abe3,B86701,ebf1423a-ebd4-4a0f-83fe-ca0d52a51eeb,41c82914-867c-4e5f-bf5e-f09902aeb7ae,f,2025-12-22 07:50:51.768,1c34dd026b4d9d7c5266492eb639dc9d8828e9d9c05757a9e6d0eca03ccc232c,https://www.ethmumbai.in/t/B86701,
566fd6b9-323e-44f7-a26c-41298331c0a4,9A44A1,f3a30042-9f74-4add-b0cb-e44102487a92,6bb6bd27-3dd5-49e3-adb8-f176485dad86,f,2025-12-22 07:53:17.589,6c1b6f4ddc984be340e4b3f87f977f78d4fbf346d177fcd2a60a88ec06df2fcc,https://www.ethmumbai.in/t/9A44A1,
738f3a8e-f651-4333-895e-e3ddbd444b22,7ABE68,2e3fcc40-5c02-4a91-a699-bab826b3db8c,9d0beb6a-141e-4279-b714-dfa319f71051,f,2025-12-22 07:59:31.727,4e43fab2beb5eb5b049b3e9fc789811be9c1573669f5d1bca66780496e55a7c7,https://www.ethmumbai.in/t/7ABE68,
b469a0fe-26df-4f66-bab7-91c04f85ce52,BA4DD1,9dd5f32a-6dc4-4c36-ac34-aded474c6e99,9ac19643-9ff6-49d3-9e48-db16c2022ad3,f,2025-12-22 08:10:01.44,d03e81081e37593f0d5e1d3fa3c824650766542dfa0efc3aba9e398518431c06,https://www.ethmumbai.in/t/BA4DD1,
0def96d9-c1cb-41fb-bbfc-b5763b01d168,DF8ABD,ca62cb51-cf94-4d8b-a521-cd8d57c88817,a95c78a5-c9a7-474b-86d1-6c8136ce054a,f,2025-12-22 08:13:08.885,4214ee359a0d65106c1f952425e8cd9a7377f9518322f51766bafbabcb2424b9,https://www.ethmumbai.in/t/DF8ABD,
5ba2fd07-1199-4bef-934a-ad948ba3e27b,78BC63,70e4fbef-0d9e-4774-a8e6-3a177b43fde7,3c854bed-2e09-4fed-b26a-ea360c87ab37,f,2025-12-22 08:23:43.75,26fa820b77ef17e79ed2f77e4c04f76ac37e6da537dbef7ed4b51921dd1c161a,https://www.ethmumbai.in/t/78BC63,
7efc52be-fca4-43d6-ae42-290292eefdea,509C03,9205ba37-d0b4-4641-8ac0-7844cbb28da9,a7548986-f1bd-46d8-ad96-eb1229e30a5d,f,2025-12-22 08:28:19.21,8cec663be48e226cdfe88d8ec4c64006ea3393d9f39e05a0e82112959fa28650,https://www.ethmumbai.in/t/509C03,
b26e4f46-b359-469b-acec-5945c8b09bf3,66E330,b6550f6f-2ddb-47ec-b708-88466ab69fb5,66d1b413-2d3b-417a-ac14-80426b04695b,f,2025-12-22 09:10:19.841,d63a765e1ca2cb4596bbbb152bf51ece93db2db3c4588ff89e8563c568dcf87c,https://www.ethmumbai.in/t/66E330,
dcce9a43-f14b-4992-8ecb-e07f973347df,C07A34,40da8c77-b20d-4e31-9e86-50aed766394d,5d377081-bf21-458c-8e04-1b7283944cb4,f,2025-12-22 14:43:20.085,e0a7c6f18cbabce9dca1978811f58a2bc38b77cd93cdf2b4243a22bd2390b959,https://www.ethmumbai.in/t/C07A34,
f5c23333-f0b1-4a93-85b1-3a436007563e,C4E3F9,54b2ada1-70e8-4200-96f6-e63690ff65a8,56726765-4b29-490c-9ab9-0b1c763cf588,f,2025-12-22 15:10:32.646,3fb38cf8e8e9b5dae8960b71b226d032e801e0fdf04cab6951c05712f1658319,https://www.ethmumbai.in/t/C4E3F9,
f58d94c1-259f-4417-a589-e55c76a7904a,9ECD11,a1846a19-d597-443b-a78c-9163078d2ce1,f75b4272-2a85-4738-9bb2-0c3603d97539,f,2025-12-22 15:12:59.266,dbe426c9cb76edcbaf98dd4365b63a8a253828544aaf183d2b267393c3267aa1,https://www.ethmumbai.in/t/9ECD11,
b94aceed-f081-467d-b383-2c7bfda198dc,49ABDA,f10dee39-d167-4a11-b919-ef0181e1f838,6caa1fb0-573d-419b-acb7-9c71f7f44689,f,2025-12-22 15:20:53.298,eddc07778b620dbbfb339f40af3ab544d215e35dae7195ee80e521d9226ca6c3,https://www.ethmumbai.in/t/49ABDA,
a33ed8d6-2a4e-4c20-be04-ca4052b90023,E0EAF5,2874f623-1af1-48f6-ad7f-cbf019928630,e6912a9e-4931-45ff-b6fc-2ff4249bd32d,f,2025-12-22 16:14:31.44,f4024e394589072eabee544885a12e38bd2891f696ded9088d21aa4dec6d98c3,https://www.ethmumbai.in/t/E0EAF5,
ccd9b69e-593f-48b0-b1a7-fe7ecb00f895,315CCC,7c2f8c3c-c104-4578-ab94-85cfddc1f519,7dd5f4f7-9b4e-4d4d-95f2-39a1dc83df07,f,2025-12-22 16:17:04.873,020cbd2b3e90653253266333092d6b0f3f9526417722b5aba01024744e53611b,https://www.ethmumbai.in/t/315CCC,
8e4c1182-eb81-4a2a-91a6-9963d861605a,33397C,64e39d59-bfa8-40a0-8893-7d23b795f099,068f4248-cd88-4df3-a4c3-b70c4d38cf97,f,2025-12-22 16:30:16.475,1e868c90532432ab4c30329935f8d208652b24865e3924e278269a7e0cd68bea,https://www.ethmumbai.in/t/33397C,
897d3a8a-78c4-496a-9598-3abe291797b2,8B2930,1acc8266-18dd-4ed7-a3f0-5487005dd4c1,068f4248-cd88-4df3-a4c3-b70c4d38cf97,f,2025-12-22 16:30:16.475,2ed5cfe3bc306890c6c5d64f7c27fb75e42a6015b2e290ef38c20f4b79e175ed,https://www.ethmumbai.in/t/8B2930,
76f04bf4-d9d3-4e5e-adc6-e95672ce8247,02A2C2,f0420471-da70-4123-be84-dc29cf471848,1d969309-df0b-400a-880e-b36c297f4d3e,f,2025-12-22 16:55:53.999,7e778418d1d8ce09a55629e9890dd6d5606548ab89053b6e8cfb09e80745e365,https://www.ethmumbai.in/t/02A2C2,
c30beed3-4a17-444c-81fc-5b8e8b05fd8e,6AE489,7c86cfde-eebb-4f88-ab41-2f323dc36ad9,d8106f37-787f-4f55-95ac-97e4f65839ac,f,2025-12-22 17:04:52.104,a452db928036e3a8eb04b06eff54ce5e7d5c4a90b25c79c84ddbe33ae18046b4,https://www.ethmumbai.in/t/6AE489,
53b63962-b2ce-4b9e-b6a4-e47d4b727160,DBFB05,b57d3a15-f5fa-434f-a62d-5ec678c6e98a,8608cc30-4071-4f7d-9c21-82909c157d61,f,2025-12-22 17:27:40.285,53b4f08253ce4d68318e0e63740ac49ddc8461dbb95f118b57ebeb8965286e80,https://www.ethmumbai.in/t/DBFB05,
a40c87f3-9346-486d-ac5b-a08d40d49703,A0F63B,60cf2164-e903-4e17-b190-7eab329d2495,c0b23718-1d21-449b-a25d-40c7124376b3,f,2025-12-22 20:38:21.153,c114b5315e0ab4267605940a1533aa2acf016d97b9439d0fd9006666d1efdc69,https://www.ethmumbai.in/t/A0F63B,
21f79026-60f3-48f8-be94-fd7da959fd9d,1162CA,fc3e013f-5cb5-4863-aa20-4e6af50ce77b,dd3a51ef-faf4-40c2-a5ec-fd852a8a0f53,f,2025-12-22 22:06:59.247,b24f420a5b5e1e1687052674dd3445ff4d14c2a3c4debcc7f1365a16815ba8a1,https://www.ethmumbai.in/t/1162CA,
395c6565-74c1-4ebb-9d9a-3ab20d13e09c,68D2E9,fc2c3835-559a-415f-b1ff-4843de31df9a,794f7f28-392a-4755-b63f-3404831408f1,f,2025-12-23 04:47:30.512,2b02c5a08407a1c7136c12d9a5f0926136dc70427b94da425bb9468f227ef440,https://www.ethmumbai.in/t/68D2E9,
162f3a0c-5b15-49e1-a29f-7ac1930bc4ca,D11425,8064ed4f-9e60-488a-83fd-a0372efda0a2,12dc2f8b-2dca-48bf-b6d5-0ebef34263a5,f,2025-12-23 04:51:29.378,de73c794b650c5a0d4dc266b61e72f377c233d3be39deaee97f2f392fd00b338,https://www.ethmumbai.in/t/D11425,
a18936e0-0363-4156-b732-04796c29f525,9EED3B,196515ca-0dba-4bc3-9b4a-7acf31234cff,d5044c59-76f5-4177-9e3c-cd73f4bae70f,f,2025-12-23 06:42:12.368,a779eb9a85c4ce5d81b32456341361775c4dabce18b4247b1f0f3c123f038795,https://www.ethmumbai.in/t/9EED3B,
50e411b0-d3ee-46fc-8183-1e7dcc0ac63a,320807,e6df6ca1-4034-424a-9a2b-4bbb88bbb3c4,fe9263fb-1523-45cb-8c76-d72312cfeb7f,f,2025-12-23 07:28:29.725,5e3ef27c0e43b3dcffd22a7483eec5e0eb17d3bccc6fc2147ced0f9473d873d1,https://www.ethmumbai.in/t/320807,
3b8e72c1-d2f0-43b3-9757-d9de00371e72,B66116,082da900-2006-45c5-93a1-c4c516629e7a,73e9d662-3bc0-48a6-90f7-2827edfa8917,f,2025-12-23 09:54:55.026,4fd764e71fc3b296d12c971a5814c30f0d1d42ceb88d31df6573a2506a02b10f,https://www.ethmumbai.in/t/B66116,
b66c5cc8-c7cc-4ae9-84df-fd7156e8e28f,A6F629,c66f3b66-8c51-401d-92d6-3e9c7c3ca5bd,c8e9baf5-a8ab-4532-9546-3c5c7713f424,f,2025-12-23 13:03:11.475,feac1f728e92a78d104c6ab464db127050bb5c31de698efaa1666b83d14289ba,https://www.ethmumbai.in/t/A6F629,
d784006b-9781-4e11-93be-7bcc37302c76,3B913C,da92559c-6696-4881-8be3-e20fc7e9b171,c8e9baf5-a8ab-4532-9546-3c5c7713f424,f,2025-12-23 13:03:11.476,aaa3c113fdce02b9f5c1cc0a98350c4d3aa8df6289702b5def44987de6c182ee,https://www.ethmumbai.in/t/3B913C,
ff5ea8a0-be2a-4b02-8b9b-5f9a533f4eb1,D50800,7e336da8-803d-4c94-94cd-37777ecd270f,7d8bf57e-c7c3-4234-8b56-0dc3f9b1869c,f,2025-12-23 13:48:15.922,c8a522d8735d61bdba5ceeba3a94c35f09ddd488153e87f543d0e804ffdba9d9,https://www.ethmumbai.in/t/D50800,
8770f2c4-62db-4263-a7af-b362f0eb74b2,0D4CC9,aa257044-6b1f-413c-8742-abe8c4372f4d,ef4a6855-4960-4cef-aabc-ccd19d38bd11,f,2025-12-23 14:14:13.672,8298e48f3554831efa89073cfba6e3821b230099c50f1d21f065aa4417d1b0fe,https://www.ethmumbai.in/t/0D4CC9,
07fbf6f4-1b03-4b26-b582-e2eaf987b23b,6666ED,2cda0cf7-d724-4d96-bae2-5047b0838121,289266ee-3e54-4df4-9420-0e4d9ffd329e,f,2025-12-23 16:04:49.688,d2ec2b5ab7b8f21878d2202147b5bd6ffe03b7a32ce9092fc88eb433c692e5a8,https://www.ethmumbai.in/t/6666ED,
4af77878-e021-4c75-9636-c2d34f195b18,BD594D,e7fc67af-4e05-4b04-a1fe-6d252c066a8a,7f0b87fe-ce87-4d8a-afe9-0c571434d285,f,2025-12-23 17:04:47.007,4704a8303f57424f97fe39d2a83966cd96e059b6c7ec0af15186800e08ae1f2d,https://www.ethmumbai.in/t/BD594D,
0de586ce-1b75-43e2-9afe-059b98a775a2,125A13,db0c460e-403a-4075-b185-a66bfddac6df,7f0b87fe-ce87-4d8a-afe9-0c571434d285,f,2025-12-23 17:04:47.007,86122e340cf234ab6f93c73c35ab6354aab52ac9bef81b8f39726e3d0827d078,https://www.ethmumbai.in/t/125A13,
cf66741f-d011-4bd8-9c20-ac99900f34be,93D615,56634006-bc9d-4520-86bf-6918a669e9eb,97fc9ff1-44fd-4434-9660-6223aabcc28b,f,2025-12-23 17:42:49.887,53bd3e6afaa77720c639cafaa1150e5ebab8db4fd846e0e777148defe77875f9,https://www.ethmumbai.in/t/93D615,
76f463c8-d1d3-4c1b-a42a-cf865cbb1e29,3CCB36,0853477b-54ff-4c89-a02d-363c834a3a6b,9f137d78-82bc-4c39-b23f-668669c46977,f,2025-12-24 05:58:41.044,6f8e73780e7380d8db99ab3b661e728439e57b062f313a5c4e9af4b45bfcc559,https://www.ethmumbai.in/t/3CCB36,
653bd573-fdbb-4c1c-961e-1a54724b3784,1CA3E4,421ca1c4-c838-4bb8-a661-36f66f2d1cf6,b1168abe-ea64-43be-9926-955754c2c48a,f,2025-12-24 07:24:06.531,93bd25b072e045213f8ec923724aea90a573032610b1a18757e6e70db7aa38e8,https://www.ethmumbai.in/t/1CA3E4,
5fd42f8f-2643-4a6f-ab9c-6bd376d332c9,42EA6F,7d554406-bcd1-4c77-b6e6-82774f4f4901,17fd4850-f443-47da-85e3-302588ca2116,f,2025-12-24 07:34:29.037,d8e2fbd383aa101d4c6785814af2aac7e43377ee9a42c9e143e954478d0e99ea,https://www.ethmumbai.in/t/42EA6F,
0229b4c9-e9dd-4221-be4e-8cb755a6a3a4,86637C,458d3680-b6b6-4df2-9691-0061e4f13af6,220e073e-4038-4a39-904d-19dc5d231892,f,2025-12-24 07:38:41.431,a8c7b114689c29712bc2ff994ebe3f2a68c60dcabb689a4ef5e50dc02e575f6d,https://www.ethmumbai.in/t/86637C,
3d07e357-7611-4b39-ba28-da46b983716c,C11745,4bcfba02-fcd4-401b-9e0a-edc9bef0a7b5,e4522c4a-a148-460f-b74a-84db588a023f,f,2025-12-24 08:56:29.6,64dfb92961ad16907ac76ae3f49b45bf38626991448d57c2a1dd1fc6488cd679,https://www.ethmumbai.in/t/C11745,
51f0dbfe-d675-4282-ab1c-4aee87495bc6,462000,9c8b5ac0-459b-43ea-b78d-3dfff18124a3,b4a3a7c1-342f-405b-895b-2f7d98e976da,f,2025-12-24 09:09:16.345,44a251a691388b454924392009b1da42d35b9516f9ea77b6fb9dabf8dd52d679,https://www.ethmumbai.in/t/462000,
57b45315-2b89-4da2-bb36-49480ade0a40,1529A8,2e3d47d8-042d-4332-bd8f-708c6e07a307,bd2bbe76-bd63-4b2a-af86-c586f76ad251,f,2025-12-24 11:08:08.372,dcaab96d83913def83464e648f60c188c69c86670a71207b066f1193c5a9d639,https://www.ethmumbai.in/t/1529A8,
d178b789-0410-4b30-ab56-a705f2138aa2,49488A,d02cfdad-817b-4421-8dc4-8c62bd9abd47,c6a4af30-494d-435f-90c1-ba9e58aa73fc,f,2025-12-24 12:57:19.721,2f14aa769934cafb0eff8d3430791968a1aa74994b24d972dcaa78e5a9889705,https://www.ethmumbai.in/t/49488A,
c64000d9-a899-4064-8f11-def9b43a2576,FE4742,ce92a2b1-3ee7-4e5c-bb73-639b9ed2bf6c,3822dbae-b39e-4ee2-b58c-71fda6710041,f,2025-12-24 17:11:19.741,ef1c4348b00c5199c6f34626a1e87a9510a12a6d69c71f1fe44bf820644eba7f,https://www.ethmumbai.in/t/FE4742,
4a5c2045-12dd-4a59-bd46-5b003ff91dbd,07F7B6,27dafbce-b4ea-4912-8c47-552ffd15fd0c,6c8be0db-1a90-4d09-95ef-23694295c5bf,f,2025-12-24 18:27:03.745,2160fa8019d9cc49d519683dbeb81a6d758fef4eac9f0735b1d299fa92c1a89f,https://www.ethmumbai.in/t/07F7B6,
c365bfcf-fb8f-4f15-afb0-0bfea20609f1,4241DB,845611d2-0a45-403a-a8fd-16e4a21620e9,d4480392-7e6b-4017-86bb-d31975063d4d,f,2025-12-25 06:28:11.594,9c49842e6222fe92b7785e4b6905b5586ffe8de445f40db46914b9f7334ec4df,https://www.ethmumbai.in/t/4241DB,
159a02b3-e50d-4c66-9d7e-3528110af2df,8BE744,eba7d6b7-8304-4d56-8cae-adbcbb1ceb15,75ada7a7-b6cb-41df-8396-d70132fa4e8e,f,2025-12-25 06:37:58.777,a98bd49854ae53fa72026c79057a51caa883cbedacd75ee7ce2cde9bde66251b,https://www.ethmumbai.in/t/8BE744,
eaf5e610-e60a-4d44-9bd6-cdcc8ede1b3a,3573A7,8b10b134-32d6-4e2f-b650-32696caa7aaa,2a4a93de-20df-4d82-b163-ca5aeecb1b99,f,2025-12-25 06:41:05.788,14c9276c163c50079c84796a0d55e300caf03a04ca182ede87b5feedac9e8d97,https://www.ethmumbai.in/t/3573A7,
05badf1f-cc58-48d4-94f8-efca0bb6b115,6F2678,0a44a6b3-27bd-4452-9026-53ab315137b7,abf30dfc-9cdd-4a14-8f16-8e07075db94e,f,2025-12-25 06:41:07.798,8571b2ffdd90d0a5ab2dd8223eeda593cae7a7517ab2d24da7eb6dcbfe11a285,https://www.ethmumbai.in/t/6F2678,
4b11147f-b2f0-4e0f-b212-d839c6b42a8f,9.83E+13,59c0fe5f-4061-4524-99b7-1742088fcbdc,5a765257-a056-4a69-8454-7ee69be696c5,f,2025-12-25 06:49:54.721,383ab7c0289de702fa2111ae3a9a7138abd645cfd066850d49bf33f00c4ac921,https://www.ethmumbai.in/t/983E11,
9cd41a3a-7f3a-4e9b-8416-76de460b4c77,8C4669,39a853df-293c-4b98-ab5d-32c45d612e5d,c528d2cc-5643-4567-91f0-464198bca66b,f,2025-12-25 06:50:47.807,57d25e42a722ff0d89d15a6fd2b7c6428d2836e771cc114273c0f52b29accd9d,https://www.ethmumbai.in/t/8C4669,
8bf6aba0-c7ca-479c-ab12-c02df476ca23,20C0E6,cb85164c-a34e-478c-aa6c-99a3a54be704,a8dd7bd9-6299-4082-9d5e-bec72facba61,f,2025-12-25 06:53:22.573,c322c91b08ff5581c71df439350259ef89060d7ae74619125858cd301822bf87,https://www.ethmumbai.in/t/20C0E6,
75fd342a-2de3-4ab1-9c2e-4f816a558690,D56040,9f929768-1a06-4f7d-8521-26b6c8ee49d5,81305d11-5747-4f4d-8c93-d6bf713043e1,f,2025-12-25 07:02:31.712,b2452f506bb270074cbc51c83309e1a14c9d929f968a8a3aa0c828cfceccfdb8,https://www.ethmumbai.in/t/D56040,
c2008d70-bc09-47c3-bde7-567d7465e3f2,ACA217,57968bcc-a2b9-4c23-9944-dda0ce8d94bc,96e604e3-2c38-4a10-9c8d-31f6f1419b36,f,2025-12-25 07:03:32.906,bb371e9b579808947f70d7a331ce303a4792c8e05787b09a43d6ada17b5d0b2f,https://www.ethmumbai.in/t/ACA217,
386eaf78-4503-4e05-9116-39c3acfdde30,B02790,1247683a-a059-4f4b-aed5-c3a90e35dd32,57706833-ee38-4551-a1d7-724f465b00c2,f,2025-12-25 07:04:19.655,583867ea2e0f5948501ab9374a54706ebdc0ae81e7f2d6d99a009434a6031d09,https://www.ethmumbai.in/t/B02790,
72191baa-9305-4186-9261-ed895c31a71c,7C9D0B,d2b8d21b-43f7-4d70-8b67-1d9fcb07f03f,326878c1-7c67-4fdd-92b6-124285f46f7e,f,2025-12-25 07:10:51.939,ad38b4f254cbcd1fcc3ef97c9209b4af9d5e24eb0802d0597344680dcc57811c,https://www.ethmumbai.in/t/7C9D0B,
891259b2-0848-4665-9285-b19d87282730,B15878,76c2d3e3-977d-4813-a1bd-502b5571a188,6988777e-535c-470b-afe3-d0712c6caa9d,f,2025-12-25 07:13:06.908,5398cd1e7123752b7cb589e398106a06fadf7ee2c2800c5113d32c3cd46210a6,https://www.ethmumbai.in/t/B15878,
8fbb8388-d63d-4414-ab1b-3f43a31bb7af,CCCCE0,0aef1003-7466-4816-968e-2b1ad7fe5989,780fa62a-b3ac-4fda-b470-f68344bed914,f,2025-12-25 07:13:46.262,c18fc180e74bfa18639872d0f9cff2a97f49af8697c9673da11be356b5c75230,https://www.ethmumbai.in/t/CCCCE0,
4aea7dd9-9b6c-4979-9db5-ec2fdbe2284d,53DD78,71818b82-6b51-456a-9c90-dd1aa76469e9,8b9160c2-709a-44a7-9233-7d9790d1eb65,f,2025-12-25 07:13:54.98,1d1637e02e05b1f00ae98a2ebc1b9e9f24ee0453be7d12c7a6873c67937efdef,https://www.ethmumbai.in/t/53DD78,
2ecc0ba4-f334-4ea8-afa9-353805d4819f,6A6EB9,154dbcad-e009-4001-9c49-0d941586c71b,a1f207cd-fa78-476e-9a7a-a5aca7533309,f,2025-12-25 07:15:31.004,691a513b7889ab9bd3d39c8a1bc17b7caf73133f8d3bb63adbaf259d6a20f782,https://www.ethmumbai.in/t/6A6EB9,
47fd750a-797b-4f87-9e0e-7c6bfb53fa78,67EDF0,b10342ab-43d9-4d70-8c95-ad8ce7ec4ed4,ea79b90c-3009-4ea3-914b-ab970575ba06,f,2025-12-25 07:16:23.79,e3a6f18c83d98ba4ab348d30bba62e6da3395342c2a6492b9500b9f0664b3b80,https://www.ethmumbai.in/t/67EDF0,
6c4f084e-0e4b-4c34-a1dd-6eb7fa5713ad,02F1CD,b14013cc-418f-4292-902d-cdcd66362ced,84806769-f4b2-48f0-b739-dd5a3760f133,f,2025-12-25 07:20:24.429,f17414a429da5c29c9c99fcf9ba15fe1b2c307501e89a68a99f73adcb185afa2,https://www.ethmumbai.in/t/02F1CD,
cbcecb53-2900-4d27-ae2b-5ac228d80e09,A0889F,4e67b2ce-8edc-44b2-bba3-2d7b8447728a,84806769-f4b2-48f0-b739-dd5a3760f133,f,2025-12-25 07:20:24.429,b9b6a61dbe1d120b0ead8942e70a28c4ef286b6a3ad29f9a9208b5f12ac98c41,https://www.ethmumbai.in/t/A0889F,
6e78ec01-dd91-429a-8591-04e802ebcea2,856EE1,21a7df4f-9782-41e8-bb1a-66b476cab72a,84806769-f4b2-48f0-b739-dd5a3760f133,f,2025-12-25 07:20:24.429,1c3baede22dc744b8fe1ca98fb026931deae901b08c0944d20553dc528940309,https://www.ethmumbai.in/t/856EE1,
b5ceb9bb-0a8e-4861-9800-12db7936c4e8,8F6789,613ec923-2fbf-41dc-93ae-aecf8e04ee0c,1a10a16f-4320-4009-8faa-b22fff67fef5,f,2025-12-25 07:22:52.748,cbbaf83a2f73c55e30590d91f4d62c9759df349ae156aad7b2929a937cc52fc7,https://www.ethmumbai.in/t/8F6789,
7c6f372e-f2b1-4286-a0be-1b6064837b90,B498CA,2f008e90-52b1-412c-814d-269c8df6eb4e,06c8888b-f900-432e-a1b2-e19d7e0011f2,f,2025-12-25 07:22:57.177,4321d2fe965c0d25ce34aa33ffce5e352d88e1a8eccae15263ce613f6da90551,https://www.ethmumbai.in/t/B498CA,
6eece3ba-d537-4f70-a730-417a3b5a2141,16C75A,0feb9566-7c2c-4041-9cdb-fc98036ac04c,06c8888b-f900-432e-a1b2-e19d7e0011f2,f,2025-12-25 07:22:57.178,955e62cc4ac0ed777f33fdd35d34cc29c3270f688e2e06a216a12790fcdd19bc,https://www.ethmumbai.in/t/16C75A,
ef3673d5-da7f-4fc1-b3b5-8cfe8b55a13a,EB4A2B,9ec59b4d-ddcd-464d-872c-ad078adb3cf5,06c8888b-f900-432e-a1b2-e19d7e0011f2,f,2025-12-25 07:22:57.177,74eaad2a07fb74df8e6e86091d687aa62e86a1e1d49e15855ee2c87e2959931a,https://www.ethmumbai.in/t/EB4A2B,
2a7b4499-de7d-4b17-af04-172973ad2dd4,4D7AF0,8f29a53b-7439-4fca-8385-5758c46b8a07,06c8888b-f900-432e-a1b2-e19d7e0011f2,f,2025-12-25 07:22:57.178,d9d41aaa4594b5cb90a656efdd74f6f086c8836f75590a33340f65ac8ccfdde8,https://www.ethmumbai.in/t/4D7AF0,
efdf9b81-3221-405e-a4c7-84dd67dff69f,90C437,d9cbc849-1a6e-42ef-bef0-785bf5a67d7d,84dc8a3d-118c-4e93-bd9d-0edcabd46b43,f,2025-12-25 07:24:46.576,be3d0a24dd2e7c8d769a08eebea279e9c7819378d1436553865984fae18d6606,https://www.ethmumbai.in/t/90C437,
5d2d46ad-5386-4a80-82db-e15385a3699a,5C501C,a79e7281-bc0d-4c68-903f-92ab42445b37,8dd01145-b27b-477f-8865-b10592b0a7f0,f,2025-12-25 07:25:20.125,2e4d04890aeea22b90a97c7c08a093710eb6f5d89889dcee8df6f148b8533398,https://www.ethmumbai.in/t/5C501C,
5afaae5e-2be8-4bd4-bfda-39bae1f9ff80,4EDA71,3aa0c9a2-6560-4764-8ee7-bf4eeba2ca0f,b29cbd10-21f8-4417-bc05-668503504cfb,f,2025-12-25 07:26:55.499,af228cd555abb4eca486a30dbaa942ebb6cf79249a51264442a80a54bb9acd80,https://www.ethmumbai.in/t/4EDA71,
a4947dfe-ddd7-4062-910c-a2383ed9e44f,D037B4,3dadd42d-0288-4d97-840a-45eb7ef98b90,39e63045-7a82-466a-b514-58410aa042b9,f,2025-12-25 07:28:41.714,49897992becd66aae8eeb6337a3b8b5f99518bd0c3ae8a7b8d926988f0623753,https://www.ethmumbai.in/t/D037B4,
9a90eb2e-3099-4888-a4d0-2d03ff036ab2,3FD08C,c3066a59-b3d8-4796-82c7-9bd25afa13f0,42e256ba-1a24-4ff9-9128-06220978465c,f,2025-12-25 07:33:07.654,73cdec56f7cc5b0e3cce81bc37492c774ed46e7fc39d26ff4754e171a014dbb8,https://www.ethmumbai.in/t/3FD08C,
b20cc030-bdc4-4082-b1ef-1a052b127afd,48B55B,ce00b07d-0817-42a5-adb5-f2d683e8223f,42e256ba-1a24-4ff9-9128-06220978465c,f,2025-12-25 07:33:07.654,5318b030c60b9d3219946667759db08156b7760132629aaec06603f7c4331d17,https://www.ethmumbai.in/t/48B55B,
d3c83414-0fd5-42ba-a30c-bd631d557ec8,3D6B60,d4757e56-5a2a-4cb0-abed-b6f463214b71,44d8ff95-1f54-4061-83dd-c82d0c1d77cb,f,2025-12-25 07:36:04.936,2a96e688f0e014d73aa17adcd346562ff6d71439cd021fba3e40ee0cfa2c26f0,https://www.ethmumbai.in/t/3D6B60,
89ba1f8b-1e50-489b-9bec-f7f4f6576674,7D4D18,fc42408f-ce2b-4ea4-9b30-ac167c8e3d57,a5c96d36-2678-4f0a-bb9f-844ec4bbff32,f,2025-12-25 07:44:20.186,e1aa3e7ce3c9d6de64883fc546081bd1fc12656a5a39f10d8a73373df89bf91d,https://www.ethmumbai.in/t/7D4D18,
4d944e8a-ff33-48cf-825c-3a03f95ef478,DD687E,35fe08a4-6683-4faf-b915-c7f658a646d3,c04915c2-ba0d-4d3e-8f6f-244bc7f5411b,f,2025-12-25 07:45:59.25,f034ba08c9394748bef20ffd721a8488899e8e994f26e12a672e7b1550f2fad6,https://www.ethmumbai.in/t/DD687E,
88e25f5a-407a-47ee-803f-0c66b838e8e6,6EFD57,b01c4b5b-c688-4c6d-96c9-6c1b079680b7,2c0b9f51-d483-4631-996f-1ed9f3724763,f,2025-12-25 08:33:13.306,047709fadb22c486ecfc9b0868d55bdbc55d0d6b9b2d4ab9c4acca7297c44bef,https://www.ethmumbai.in/t/6EFD57,
fdf283f8-8d7d-4033-b20c-06a3dbba242a,5BB35C,2c6832be-8b83-480a-ad4c-03f61c0990cc,2c0b9f51-d483-4631-996f-1ed9f3724763,f,2025-12-25 08:33:13.306,0d6672bccf8be05b1aadefc88d3c565425a92f003fecf032fbadc3502dc502e9,https://www.ethmumbai.in/t/5BB35C,
0093780b-7717-45d4-8eed-63cca4bb6abc,B0440D,f893104d-ab57-4372-84ce-4521bed99848,2c0b9f51-d483-4631-996f-1ed9f3724763,f,2025-12-25 08:33:13.306,7e96a7ce6ccf9acf7f1ee844afdb9d16742644bc4074b508f39dd6b432072d06,https://www.ethmumbai.in/t/B0440D,
4508e6db-7ce1-4464-92bf-c1433b0a94a1,480EB4,7362600d-27e4-4a1c-a44b-eba608683900,2c0b9f51-d483-4631-996f-1ed9f3724763,f,2025-12-25 08:33:13.307,34871f0fe63777479355e464d87b68b4afcb4baa919776e9b0c04f3e107be5c7,https://www.ethmumbai.in/t/480EB4,
4034c5dc-3aca-4f42-9233-3c4e65444ba1,5861000,aa29c295-d109-49f0-a682-104dc0c532a9,16e0cbac-2bab-4443-9c46-f9fe4a948be9,f,2025-12-25 08:49:56.112,72338740d283c9fe81fb77dad90923e13dd2cda949f091f006b6888f95605de4,https://www.ethmumbai.in/t/5861E3,
cbf5067d-359e-4fc9-991d-dc96473bd0a4,C336CF,56899553-534a-4b15-8795-5a08cadb0760,396f04ca-b8e8-4d0e-adca-833b59fc747d,f,2025-12-25 09:07:09.639,30db3e15a43c7bf3179c187b23fed0d1fada03a1383af89569914a3627aa5471,https://www.ethmumbai.in/t/C336CF,
81b2cb4a-7324-4a1c-81da-3bd587140adb,140BFC,6684013a-9ea0-46c5-b4af-86f45d400d1d,81821d11-8cd2-484f-8935-b62718aff0e8,f,2025-12-25 09:24:39.755,25c932a84d1bfd9547c8bbca8bb1feb7ae97dc4ede15018680161d1e6f98b21e,https://www.ethmumbai.in/t/140BFC,
a24c0863-2578-45ce-ba30-d5b3bec0b0b8,DB5391,77ee8876-dce7-4762-b74a-67df0ab44c07,abba1eca-6291-426b-aa05-cf30fb2c9a3b,f,2025-12-25 09:45:41.606,dcf17b48b9e59a1a36acba0cbb51092143b067183bb59596878148b3524d2682,https://www.ethmumbai.in/t/DB5391,
a39dc94f-05a5-4370-9b8a-d755568d7f17,9FEFAC,c032dc68-b723-43f3-9c01-4ae97e5e32d0,706f141b-7dd4-4497-a353-5a71b7767465,f,2025-12-25 11:52:53.849,135f5eaf0ac75dbf1303f94aa8223942a30a5749da4813845cd7ae4977d9af54,https://www.ethmumbai.in/t/9FEFAC,
8c15ca40-2a68-4ee7-a35d-94f215daa6fc,6F9362,f637a01c-a702-47eb-9fc2-2768e5e5250a,1d570d0d-d964-4523-bbdf-6735dd311464,f,2025-12-25 13:17:32.403,366f19645002e7d33840d126698ad0bce2caeb52699b4c04a835eb117d819bc7,https://www.ethmumbai.in/t/6F9362,
4c0a0693-c833-4409-a56e-b2a96f775187,3AB3B6,08942cd7-00d7-4313-bdd1-22247de4f24f,47e45ad5-de1c-4e88-9fc4-4dd79edecfe2,f,2025-12-25 13:23:43.724,510094f1732b345c6b90d0f05de1ff30177319c71380bb687b65b054928f01d5,https://www.ethmumbai.in/t/3AB3B6,
9e4ae499-c17f-488b-9b5b-9a6abc9fb8dc,2DCB68,02d221f1-780a-4f43-bd70-c20e5cd3060d,47e45ad5-de1c-4e88-9fc4-4dd79edecfe2,f,2025-12-25 13:23:43.724,1104ff615ea874292d27f35507dac754c9133cd2b6d8b4cad9f3f090b92a03fa,https://www.ethmumbai.in/t/2DCB68,
3735e523-ab3b-422e-9909-faf70a9dc39b,E5840D,d028b354-40b7-4a30-a56e-d7ea18c1bdea,45a647a3-3338-4881-a893-64fe61f569b9,f,2025-12-25 15:15:44.309,34cb2a3d9a6ea85cc1431a842f8a77f6019e9040e1170ced752b4f1e422ec0e5,https://www.ethmumbai.in/t/E5840D,
b0de5483-0312-410d-80e3-91e7c7a9a084,B4A471,49248ec4-54e0-4a8f-9339-d12f5434c28f,45a647a3-3338-4881-a893-64fe61f569b9,f,2025-12-25 15:15:44.309,6a253c3d48441d748e764e3399219dcb837669863b6f8496c0f8020895d7d121,https://www.ethmumbai.in/t/B4A471,
c6e7a6e9-2095-4f53-be73-23f91f2f2436,6A2EB4,7c6e1fc0-c058-4ca4-bbcb-fa824698ec24,b7a10e98-165c-4130-9e3d-f30718d885da,f,2025-12-25 15:40:22.277,6e263c634d0bcec76d2c5afbf51de81404908155824ba44c52c278c1e4170849,https://www.ethmumbai.in/t/6A2EB4,
c9ac14c2-84b8-4168-9327-8e25e6fa79a4,156879,f5f4915f-0d1f-45a0-9635-df1cbac14966,3b1c8c81-3b7c-485f-a2a5-a4d63bf95c08,f,2025-12-25 15:54:00.794,85ce5c800c4b1cb6051c736e5c41415cf02a3db1d178ef1512c196651faf7a00,https://www.ethmumbai.in/t/156879,
b3b7613d-3f37-4e15-8089-5e7afbcd81c5,2F43C3,c98e709f-ddf5-4f97-9bdb-28555793bbb1,3b1c8c81-3b7c-485f-a2a5-a4d63bf95c08,f,2025-12-25 15:54:00.794,1c69b6ed82cb5db8b51ef84b78a2c5e5fec7ced30d12b086d0ba7a1e7fe1d07b,https://www.ethmumbai.in/t/2F43C3,
68dc9fe6-513f-4149-a20e-386501168357,1459,4022526a-25e7-4bbd-b541-e532b9b2f887,1c393725-72ef-4800-a22f-d10393e6a6cd,f,2025-12-25 16:55:41.858,3bcd314f6b5e8b14b0b7bd4d54c8a4f6f43f3241ca90dd00926663ec16985c42,https://www.ethmumbai.in/t/001459,
f9fd8752-e0e0-408a-8af2-9e535a7d3fb6,768AB3,7df734c3-b35a-4bbe-a8ad-49c00bfcfb10,1c393725-72ef-4800-a22f-d10393e6a6cd,f,2025-12-25 16:55:41.858,af3a5f21e5c3cae7d1c044b9a1826236939500d73add107c0ed93c7f94568f04,https://www.ethmumbai.in/t/768AB3,
d92305e2-d0ee-46ca-8ca6-0d90b40ae292,DEFA51,077fe3ca-2da3-47ed-ac2a-5b8b6d3fd95d,24871769-d57b-46c0-8251-7d2a4c1b551d,f,2025-12-25 18:01:11.071,0ec75a9263af6af033e5b05ad0a90bc54d60b5348305e826372659c119bff66d,https://www.ethmumbai.in/t/DEFA51,
6278b80f-3f91-4484-aabd-340a33095932,295BAB,a18ce648-0da9-4de5-b1e2-b6799ac56fb9,24871769-d57b-46c0-8251-7d2a4c1b551d,f,2025-12-25 18:01:11.071,6bc9b4cc91e6492a414b9ed409eea0252b441663305cc4327ff43f7a8010ca45,https://www.ethmumbai.in/t/295BAB,
4ca3ee69-f88d-4f54-9295-b57f9e678bd2,4C66E7,5f7ecdad-1639-4c58-bc26-83cd018f67dd,24871769-d57b-46c0-8251-7d2a4c1b551d,f,2025-12-25 18:01:11.071,33862a3dab5d1315a12531b4a04780d621a55fc2a39864900270d5099f1a847d,https://www.ethmumbai.in/t/4C66E7,
0dfbaf47-3108-44a9-945a-4b0e5f325bd8,502FEA,0c7736f3-712b-427f-9956-5a8730f0579b,220d9889-9cf0-4b7b-9a49-eeb3853f1ffd,f,2025-12-25 18:38:21.468,268a563ec53cd9e2a3d4b076805991a0219b7a144aa92817ec9a8d15aaa54517,https://www.ethmumbai.in/t/502FEA,
d89ef3c5-0ba6-4af2-b6e5-4045a5885b68,ABA54B,f9da4054-7aa2-4289-90a1-0150c0db324b,d2fdf530-5854-4cdb-9a7b-808266880fe8,f,2025-12-25 18:59:41.175,fffcac6d014117fdd7dbd96be21fbddf9033b27f93c60b52825868e72762db02,https://www.ethmumbai.in/t/ABA54B,
1abefb46-fa98-4ad3-a775-d58e2fc9d6df,2F6C93,ceac91dc-15c0-4ebe-b209-afae66d4b065,d2fdf530-5854-4cdb-9a7b-808266880fe8,f,2025-12-25 18:59:41.176,b6a6dd0378d8271208012edcda4e0ce46e27685921cc37c8492de497395bfede,https://www.ethmumbai.in/t/2F6C93,
e810177d-7ca5-44b4-8eca-a2006f80f893,0A7AE2,316ff16a-7c7e-44b9-8439-37931352c872,d2fdf530-5854-4cdb-9a7b-808266880fe8,f,2025-12-25 18:59:41.176,dc144629ba725a97d5972aceb6dbfc67da481ea3100d420c32399458d97ba0c0,https://www.ethmumbai.in/t/0A7AE2,
f6aad58d-dad2-44e3-aeb6-4a3cda917b9e,D53663,84c40580-76e1-4a32-a9a6-db5c1c9a70b0,08c5e10b-bf33-4de4-b184-956f403cedc5,f,2025-12-26 05:49:45.792,34dac25e8c552439d5f8dd3ab6a802db414832620e6a6c1ff9c9784dea1f0b8d,https://www.ethmumbai.in/t/D53663,
d82d9ba4-68ef-404e-97ea-55e9fff2ca31,1CF89A,c9502ccd-1a45-4549-baed-f04f10b05be8,625b7b26-d823-4528-b012-116b0b7e5b65,f,2025-12-26 09:21:46.216,df4a25d90ca6193b304a30d1653730044ac48aa7e65fcee4cb9ae12a9d83cf87,https://www.ethmumbai.in/t/1CF89A,
0ccace66-1528-4e10-ae2b-5da37b0b0492,61D7AF,2ec27e76-6a16-4423-937f-9d9e5fa75f4a,796f55c6-43df-4001-88c0-62b51f444bef,f,2025-12-26 10:10:36.665,59dafcafb5c6d6e8c47d75318074a4c4bab7f1f04e1dbd20588d722a26a1c534,https://www.ethmumbai.in/t/61D7AF,
c119c031-e990-4f11-abb9-2ce233b9d64c,2A93D7,e80a34ff-de82-4aca-a057-f913d9df9803,89c06cc7-b6ab-4f55-a2ac-4a20fd82d3e8,f,2025-12-26 10:29:07.293,165ee94b49df6f99e048922509d0a20e3be3d3eba400a8c062e46658089103ed,https://www.ethmumbai.in/t/2A93D7,
d8b65097-4a55-43ca-9e09-1af89be500b2,F4C1DD,b01f8463-7d28-4ccc-940d-7877bd20dcff,e02b7cc9-2113-42dd-b20a-fc53a28ffe15,f,2025-12-26 10:34:39.631,fa8a068f141070de64f6ca2508702bdb18ea8b8dc1a5b4678bad7ca835f783b7,https://www.ethmumbai.in/t/F4C1DD,
0a6d5920-5be2-4245-b299-56cf2cbaf8c4,DF4BF9,8a280b9e-4728-4d49-9232-e9ee77ecd706,bf11e174-1e73-4cf6-917a-2fc2645033f9,f,2025-12-26 10:36:44.747,4f8c4e0816484732b2ebfa7a2ae9edbc1c31689a108873d24620d6ef6857cf4f,https://www.ethmumbai.in/t/DF4BF9,
795329ff-d28f-4d52-9856-a2d9564a1d8a,8C95AE,7190a5a0-b282-473b-b1a2-dae19ffb796e,32fa50ff-eccb-4b9e-95df-60cd3a5e8c3d,f,2025-12-26 12:07:18.31,94c25350d71dcca79cd28fa243a537dd35bc195a5a8ed269a2d0fef19dd86a2e,https://www.ethmumbai.in/t/8C95AE,
8e0ebc05-f442-4e63-98d3-cef7126a9d34,AF0F88,8b84c041-89a3-4aa5-8d6a-d1bb7aece937,2966d39b-8959-4402-bc3d-a5398ca10aec,f,2025-12-27 09:21:21.927,47c9c2390545e343c48ed77cb6b2e2f8cf1c0b885f5e52951da4ce17450ee1c6,https://www.ethmumbai.in/t/AF0F88,
3fc1e050-1b07-4280-bfb6-1c4bf9dc8091,12CE38,1ecb6b80-0729-4fa5-b126-fa5d46ede36a,2966d39b-8959-4402-bc3d-a5398ca10aec,f,2025-12-27 09:21:21.928,39b7026262850b0ca792ea76191ea647dbb9718cc3913689af301ef380f43b2a,https://www.ethmumbai.in/t/12CE38,
f7a0fa98-46bd-4909-99ee-a28d65fea24d,5DD2F6,b158920b-248c-4178-96e4-8f9e8a1963ba,2966d39b-8959-4402-bc3d-a5398ca10aec,f,2025-12-27 09:21:21.928,78ed7ba9231f627048c3ed404a1d27ad913d7db7212135900f90dc1cd8b05818,https://www.ethmumbai.in/t/5DD2F6,
07ac85b1-1a5a-46ee-b990-409a7c3fd334,298CC4,35b49e42-6dfa-48b2-b430-0aca7af7fdfc,e6fc7901-a70f-43cd-a3ae-dd9937c59789,f,2025-12-28 15:13:49.951,6c586ee7bb7ca87dfe8f3db0e28f039ac8764a8a4f11fc6222aa295353fe8c0d,https://www.ethmumbai.in/t/298CC4,
8b266910-237f-4108-bb4f-89100b0bc6b2,ECDB6B,a08f9fa8-ee28-4a75-ba78-a8695fcbcfd8,4a0874a2-96f1-40b5-92f6-521987a86b3e,f,2025-12-29 11:14:55.181,213b515831df2e632f29376c245fd4fdab499a16c2c3e1b534a10d4f4e8cd557,https://www.ethmumbai.in/t/ECDB6B,
5fd05c03-77a7-4b8d-95c3-011e1985dd50,4440DA,68e3b9bc-89ac-4e50-8341-fadf9f017da9,71a0c36e-6846-4f7a-adfe-9d3414422664,f,2025-12-29 12:15:32.009,72b8bdcfee4747cebe2f309834404161e8b466d0b56075c99260049d62b49384,https://www.ethmumbai.in/t/4440DA,
8317fc0d-de17-42d6-82fa-43fd73ee72c4,144982,544d6fab-d7d4-4ae0-af39-87f5d1bf7ac2,85cd3ac1-e4fb-4754-9794-71435500d7d2,f,2025-12-29 16:15:19.804,1621b9987440f48307b1af09674715f0f570f68f26e788a70ff4af3a6274e7e2,https://www.ethmumbai.in/t/144982,
a9d467b9-636d-4f5e-9680-71c6a814db61,4EA20E,a0751c7f-7267-495c-b98c-7834525dfe2f,5cc175c9-63af-43cd-87af-9cc35c20a8f5,f,2025-12-29 19:18:08.451,679619ca6df05718e7ecf651b27cf4c1025d055cfe59eb5be4b5d5512c867fc7,https://www.ethmumbai.in/t/4EA20E,
4936bdd4-4fc6-4cb1-9107-0312abce6566,2.4E+59,f0a354d4-bcbb-465b-a69e-3b88beb5989f,7de85fe4-cced-45d7-afd7-dcbf80e6fcc1,f,2025-12-30 14:03:53.938,eab7dcfcf149411b720ee8dd3386e120c71a96b4b2affb95faf714599a919189,https://www.ethmumbai.in/t/24E058,
92831b1c-c702-4bff-8215-9c75323555f2,A518F6,8af25ba2-f22a-453b-bf2a-70c593f40efc,4d42e035-43b5-4f2c-8d8e-a2efd65366a1,f,2025-12-30 15:53:22.959,2040d86b671d93213eec2d86a99e5206406a475f81cf87eb34aa4e8a4a0178d1,https://www.ethmumbai.in/t/A518F6,
55b36e32-e50b-4352-b7d0-f7c242ac38ca,A327F2,8252d3cb-d8ea-4da7-9938-1affe0e1a1f6,2765a86a-9334-435b-98cc-dc202493bbf5,f,2025-12-30 17:23:55.481,8075d6149be725a52daf6b0ad625b10d8ea10f04f4341077b16a7a1f42df22af,https://www.ethmumbai.in/t/A327F2,
e9f102a0-45a4-4792-ada7-0e01de03e858,7EB1F0,ae108f63-ceb3-433d-b0fa-fe34f8aa33d3,8c273be3-bca6-4fc3-9113-ccd91fb09d4c,f,2025-12-30 17:34:55.922,d56e66d397399d97a902c2bc76abe8ef32eed8bbf1d1f49606d5c27351a8ff9f,https://www.ethmumbai.in/t/7EB1F0,
8d89c446-95c9-4820-80f3-924be9798a00,B8DA7F,d0aa636c-3710-42c1-a7c1-2e1ea3c0a256,6ab8e20c-11f3-406c-92a9-c47120fcdec7,f,2025-12-30 18:01:53.754,793fd8a3c82f62b0eb734e75663b5a0f6fc0493a254258a249b835d035b59b46,https://www.ethmumbai.in/t/B8DA7F,
40f4199a-cdac-47f6-847e-aaec55099321,C2BB13,08d492d9-01a8-4dec-99af-85ceb595fdad,c69222a9-6fc8-4409-b485-bcc721839e3f,f,2025-12-31 18:47:30.136,24debf961021d753d7677d44fe2aafb0267f1e9ffe416a7e42ee11c73827cb22,https://www.ethmumbai.in/t/C2BB13,
dbff487f-2a0e-476e-a149-27d7fe2bd926,C103C0,5ee9c4fa-7416-4068-81fb-f55bc4c93dad,b8565eb7-9e45-41f6-bc05-3950d35ec92f,f,2025-12-31 19:57:09.688,f14db82d07ad39d5ffefece4bd4282761c82ce615582a273c0de4cc296d868a9,https://www.ethmumbai.in/t/C103C0,
c28baf07-e66d-46bf-8fb0-b2fb282c0cbd,84973A,5d576590-d750-46de-bf0b-ec890a225585,b8565eb7-9e45-41f6-bc05-3950d35ec92f,f,2025-12-31 19:57:09.688,0ae80c43e6dd59f2cc010a284e07bf520d727af0b461923d3034cf7f0dcba3b0,https://www.ethmumbai.in/t/84973A,
dc8b42d1-6b30-4866-bf08-dd6ed143f641,C3E6CB,e58324b3-d9f0-42f3-8cc4-99483622cb5a,9707e44c-7d2c-40d1-84ac-089bd82c3409,f,2026-01-02 08:22:29.374,4d2b01ca4cc6453ff44e49f03d36842fa025999613c41d3064ed1edbcd6ba829,https://www.ethmumbai.in/t/C3E6CB,
3607564e-b5a1-4110-a5ce-256b921bf009,280B34,ed0e64c7-119a-4166-9888-567803dc4b9a,04349ab9-7b91-4e1d-8d10-9e105712d086,f,2026-01-02 17:21:01.986,b953035bc5d1869b0ba90f4dc3db331a3fd60fabaeab15f12485aa8f70e687ff,https://www.ethmumbai.in/t/280B34,
5caa3316-24b3-4569-b657-8e7aae488f30,F39AA8,a74384a8-9765-4021-937c-8a4aaed766df,ceccc882-b8bd-4755-85b1-ead71f002f37,f,2026-01-03 11:30:53.562,f81c31b228a1681f6bcb728a57bca2c482addc6d6d010a9b0601ab7d45f1407b,https://www.ethmumbai.in/t/F39AA8,
bdda9a81-d8cc-411e-89a2-33976c0a6228,361D14,06747dcf-2ead-43b5-bf2e-ef4a343a8086,02aea315-6abf-4a17-9aae-def04e27f17d,f,2026-01-03 18:49:29.497,8d11adc9c005b1afedbb4bca375681d48e35f410be037920a1bb3bf432c7ca52,https://www.ethmumbai.in/t/361D14,
a23b4d4b-ee07-41bf-91c9-47ecfaf79c79,088EFA,1fd3b2f8-33b7-4ea7-aaeb-8d32bb7e579e,d6b7da54-239b-4a67-b743-507fe4c3ee2e,f,2026-01-04 15:18:09.831,85f5649f9a88afb01beb3175d56ba0ccd08d2f423873905c9a9d21ef8662b61b,https://www.ethmumbai.in/t/088EFA,
80625f38-d96b-4ea0-a672-9f6dc1608013,1CD6A4,8d69546e-fc9a-4b01-be2a-94209bfcf0d1,c54d40bb-687f-4c14-9725-e11bc9f678cd,f,2026-01-05 07:39:46.117,bc96b471c3d0df7e871a4f4285329a82f46a2e752e8028b162bdd56cccef4b73,https://www.ethmumbai.in/t/1CD6A4,
3338b0e0-2ccf-4019-8337-f68625999511,C0AE70,d0a54e3b-e8fb-4ee3-aecf-fb4fb6ae8278,c54d40bb-687f-4c14-9725-e11bc9f678cd,f,2026-01-05 07:39:46.118,fcb431e66c28a4c04d7da1bbe740a23928754ccf3dac9bb49089fc27d54fc683,https://www.ethmumbai.in/t/C0AE70,
0b723ca1-a655-44fc-9679-7cc67c40ccc6,4960AF,2e3f4dec-308f-4c8f-9ac9-205f506fac22,cbf84757-9ce3-4d06-b06c-daacc85109fa,f,2026-01-05 15:03:46.342,ae367bc52c1d0be64916c9a8989a9aeb0b118740d3578968400b3d26264c3372,https://www.ethmumbai.in/t/4960AF,
bbc0f835-3e12-4047-9950-e5c3ae681be5,2803A9,591bb5dc-a3b6-490b-a055-1ea1e2d70aae,cbf84757-9ce3-4d06-b06c-daacc85109fa,f,2026-01-05 15:03:46.342,902c5f1222860aeec6246172c31a4b9e7c5a1ce4e750df26b639516bed61ccb4,https://www.ethmumbai.in/t/2803A9,
9f955720-fcb0-44ac-8552-bcc58ef91aea,B0FEF4,99d728c2-8f4a-4b33-974d-bda3f92f1e2a,428204bf-a854-4326-b0be-a1097dd0da9f,f,2026-01-06 17:12:54.892,a036d88ebf42598efbdf712ed72656c7e8f08422ef3b2604c1ee0f0afd735c7c,https://www.ethmumbai.in/t/B0FEF4,
3df19d7c-7cc8-41bb-a1b2-4d5abfd7238b,6C9266,8900513b-d090-464c-a165-31f662ba62c4,e49345d2-7b70-4f13-b6e5-712646a2a92f,f,2026-01-07 17:26:33.149,12fa18006f46733eccb184575c32649d5a24f965f962062998a0e04f69b8c648,https://www.ethmumbai.in/t/6C9266,
f0466f01-0213-4271-8ef6-495f790c0b1d,6.8E+230,d4b83d24-a418-4b97-9828-018e2d747b0c,511c44d1-2e86-49d0-a56b-2e362c68107e,f,2026-01-08 12:11:49.864,b29c32a88a321f05a58db12b2c9eb5cab128d525930590ae67b872d27a0da582,https://www.ethmumbai.in/t/68E229,
db834fdd-6de9-45c7-bcdf-d88e55bea5ae,36A468,3757243f-68c8-4245-9402-2178ba19d043,a9135b18-8946-4354-9efa-159610069d4d,f,2026-01-08 13:26:44.786,726c059e5317de7d8f7300a28170ab52d2f073b0eddb0aa5549bab1359a33226,https://www.ethmumbai.in/t/36A468,
efadb6ba-209a-469b-8eb0-41ea941352b1,36C59C,edab335f-7e4e-4b5e-b1d9-2e5eca468e61,4ab15bdf-17c2-4cba-9641-d2ada044b0c6,f,2026-01-09 07:27:23.358,f5304dd3516ac6327a390a717c505f5f2962268402cc3d41ad91f6dba2992b49,https://www.ethmumbai.in/t/36C59C,
6d75e5e7-3ac3-44eb-b27d-6098d3f8405e,9C0144,136837ae-0b3d-414f-a9fb-38fa12086eb1,2e0a481b-147d-411c-93e5-61f3a7c69fe3,f,2026-01-09 12:10:53.688,ae980ac72ebd36b0da7742946d6ebc8a8222f19f920c4652ee79c19e33052204,https://www.ethmumbai.in/t/9C0144,
555f73d4-6c58-4f88-a498-7cd9356c9d74,8A04C0,13f44bcd-f4e8-4bda-a041-51fa26db883c,99032f0a-4b5c-4865-83f7-7d2ab7c00364,f,2026-01-10 06:15:13.833,997c4ee263065bb7b436c38b82a3e9838127ac22cda2f6b59a936eeb0eb9c5d5,https://www.ethmumbai.in/t/8A04C0,
fa7df7a1-7394-4654-a0f2-628b8741fffa,F92AC5,c9855ab2-6cff-42be-b667-8e4b5a14a04d,49ac9ff5-495b-486b-ac88-0fa0a62351bc,f,2026-01-10 08:07:18.855,67a6d19d3971b3a0d6ad85fdf07dcd97d6ccd264a0406412790f7a86f49c0ae6,https://www.ethmumbai.in/t/F92AC5,
52ae08bc-2dd9-4d5e-9c87-d4df6a2c59c4,817584,548cf552-2c81-48c2-9689-850d0b448ad5,cc2e9656-d6ce-49a4-8871-147f0bbc5e55,f,2026-01-10 08:14:21.386,d5bd606bf522d72574d612fcecbe28b7cd62f37be58792e0b86068af331eb1ae,https://www.ethmumbai.in/t/817584,
81697c92-bd4d-4e57-a6bb-907d5283f1ba,917A05,06f00773-62f6-4c44-869e-ec0fcf8e19f5,1196f7b0-f4c6-40e3-83e4-5b9dd6995cfa,f,2026-01-10 08:42:45.405,7b38c43b765472a0ee04d95fbafb6b3d4bdc170f894736aef80e3c67b29bac28,https://www.ethmumbai.in/t/917A05,
3f8dbd27-9a2c-423e-9a62-80e28659ab97,43251B,0434b959-a82f-4c1d-9d1d-ea2b08c5db11,bf91fdec-8211-4c71-acd7-32029788c758,f,2026-01-10 20:20:51.564,a585109d839f8b5a83f55650bf29c78380263d1b1061023c893a1a21bce51bf5,https://www.ethmumbai.in/t/43251B,
6f797428-6ecd-44dc-9265-bb320fd75e34,7CF555,b4f4222e-3d2c-466b-8b82-0aee47cf7853,7d959704-fc46-49fe-b96b-52190fa1d6fc,f,2026-01-12 07:58:32.461,820e7dfa70205b619b6ef045df5f411ab443719d0215b62a8c1f26a1a37ffb32,https://www.ethmumbai.in/t/7CF555,
22cb042a-01c3-4222-91df-1aecb2864b91,625291,c71f2f9e-b2a7-4f17-b352-e869a665a38c,fa1cf622-76e7-4acf-9c43-373762249057,f,2026-01-14 20:28:53.277,70b4b27b708b5cb9aad0635f9a605c56c5777cb8ad1826283dbb170f0ec1f433,https://www.ethmumbai.in/t/625291,
8b69d734-fa87-4e87-80fc-cc8f075b425e,BEA3EF,55a96ae9-bce9-4b73-acdb-4a0ec6986bb5,fa1cf622-76e7-4acf-9c43-373762249057,f,2026-01-14 20:28:53.278,aa9b23475c0fada1ab9eff7ac26b6039057cfdd737aea76113606ae35f07b797,https://www.ethmumbai.in/t/BEA3EF,
d583923b-fe10-46c3-a06c-d64383b648af,F18B5B,410711de-f891-4996-b1ac-bcd876408cb5,f53aa42a-fbc5-4d1a-9628-3279622a5156,f,2026-01-15 05:58:37.43,c84d845d9592b3d5bf4f30cc3e3bece4a9340e47ea677829cf22e432526894c8,https://www.ethmumbai.in/t/F18B5B,
025bdf99-9b3f-4318-87ed-720aa6ca512d,C4A1E7,2aa5adbe-9e8d-4bc3-af8e-2e4dff1cd25d,af82bde9-5624-40d9-8ba6-e08aa7aac01c,f,2026-01-15 06:04:44.589,07518bea02af75531f9654b9f306a2388dc5599ba4e76f51de3f5b7fb67924e2,https://www.ethmumbai.in/t/C4A1E7,
33cb8a18-ab7a-421e-8743-b88217d364ad,8F4D2A,0e180775-dda6-406e-8402-8c2d1ffed952,fbed9ef8-3897-46eb-8d99-728e2ce5f350,f,2026-01-15 12:20:08.831,65eaaf14e51fbf0a07ffba3fd1f42923e9ff037b04baf71b93f8d897a6bace39,https://www.ethmumbai.in/t/8F4D2A,
f054596a-440b-46a7-8f1d-eb87f1410a4c,01BF33,f4a2a881-d9a9-4f0a-b615-3b48055dbbb6,ded31e1f-096d-4410-a0d2-42ed3339f33b,f,2026-01-15 12:20:35.788,2b51f45c3a3dbf7ccd0dcad02b73be77acaab1d0e987459eb88d048b241f9848,https://www.ethmumbai.in/t/01BF33,
70d5337e-c99d-4922-b6a7-e8236c2bdb06,E26E93,3a0b541b-0e65-4be9-9b58-34360519b7b6,56b61861-290f-4935-914c-f2d916049cfb,f,2026-01-15 12:21:57.622,b65709d2ef90e91c581e211dc9998bf7d3342e922997823164c88b7935b1f754,https://www.ethmumbai.in/t/E26E93,
a6cdb426-7a68-43ff-8324-44f834646ded,A97616,75c6b7ad-e0be-404a-889f-48c4b2d3ad9e,56b61861-290f-4935-914c-f2d916049cfb,f,2026-01-15 12:21:57.623,054651fe2c4cd1060174b741d013b2aebcf5a6e0b079a5027af3c52acaffb0ca,https://www.ethmumbai.in/t/A97616,
0f27d27c-e145-42b4-8aef-493c8534e191,1380DF,41e4916a-ebc6-4ef1-9826-faacf357e279,dc8b0db9-636f-4cc6-a148-1fbcf15cc428,f,2026-01-15 12:33:25.414,fb7908bab5b171892df0514a9c24e7710384054f702a15c36d5e5f181b8c3c6a,https://www.ethmumbai.in/t/1380DF,
e7fb79dd-0e5f-4f3e-a643-2753513fe17e,B58C30,c5063835-4fcf-4711-b17e-7c71b21aaed3,11b3940c-4d22-4f62-9f5f-8a353faf92a1,f,2026-01-15 14:15:13.799,3fa995454584b11c4dad3632634d608044dd320c2dabbaa3b89e34232fab2f37,https://www.ethmumbai.in/t/B58C30,
200e7d41-8d2d-4787-9d44-e6932f7897d0,780D4B,88baf414-148e-4e52-aa74-0006f95ab288,ca452c81-229b-4a28-a618-8efee125ade2,f,2026-01-15 16:47:54.353,0bdda0577dff07f03dd2933bb7ee5eb567fb86427e58961c60b11ea3d6977f71,https://www.ethmumbai.in/t/780D4B,
9fe72e0e-d80b-4e5f-8eb5-be88061c85d2,6F244B,375da280-a14c-4ca6-b2e2-c57d12a14bc8,1b1949de-c36d-4823-818c-e83134fd6a7a,f,2026-01-15 17:27:30.461,dc794e060e2ca54940763fb6dfc635ca25f9c058c8360ec1ea44b7404b2492de,https://www.ethmumbai.in/t/6F244B,
7aa92314-4954-4f69-9a3a-5540f28d360d,F915C2,52b4a793-87f9-44f9-9c92-988cf7ee6022,53c20ca6-8898-46b4-bf9d-6bffd76e9d7b,f,2026-01-15 17:31:41.289,2ac60a72a5af0c5e89310af063c6ac31c11567b900bcecd92e8baba4770a1c15,https://www.ethmumbai.in/t/F915C2,
4a03b918-0bac-493b-a8a3-db2895e5ff13,10CA65,7d46f82a-3fab-45f1-876d-edfa5c945e4f,c4962299-f329-455d-acfc-555a207e73ec,f,2026-01-15 18:30:46.951,2d5213ede13690d6e2816263e49adf018ab3a87b5871355687815c1432ce44e9,https://www.ethmumbai.in/t/10CA65,
d81134bd-df82-4f91-a464-32d7acfb9145,8508A4,c29775c5-5825-477e-9a28-88edc76b007d,2a9f7000-e6e3-4c89-9f33-2c9ac6e7194d,f,2026-01-15 19:18:05.46,93a4f847ed331874bc2e31ab833c1271b5b6c495883e44e498d7a0599597a476,https://www.ethmumbai.in/t/8508A4,
21eeb4f4-fb1f-4ad6-aebf-9a0bfe48e4db,B9F68B,a99cf570-c090-4878-bb77-dd44beed8e17,fc71d281-e523-49ce-b2cb-a605d95e1136,f,2026-01-16 06:45:47.892,b190c24a170fb4afab1b02aaa1c4870b2dc4a1e626184bd5a8212f7bb6a26e8f,https://www.ethmumbai.in/t/B9F68B,
04b42e37-e451-462c-9684-ce40ee5c41ea,B8FC37,bc5f2891-4fd1-42f7-b763-29b95e5d4a99,fc71d281-e523-49ce-b2cb-a605d95e1136,f,2026-01-16 06:45:47.891,805f53926364db703562be2649cf1eba69f4769bdbba26044fdd19dc6762e347,https://www.ethmumbai.in/t/B8FC37,
c3dd63e9-0804-4dfa-b4ba-7a5c81b6ab84,960F79,01224b8b-6803-41ef-9ed0-3410433c8a87,2ed1f3b8-bc4c-4a91-94cc-6076a850c5f2,f,2026-01-16 07:23:48.862,28e4ccef867bd561a3dcfc3d7a75a276863d15812ee601130dd637bd1077beeb,https://www.ethmumbai.in/t/960F79,
54fccb7e-3bbe-46d2-8c93-a1bc3073ebb2,D64601,2a1ba83e-510e-466a-b6b4-951a5fc0b27e,7b07f410-17c7-476e-96d3-b52638961396,f,2026-01-16 08:53:36.817,4612cf06018c3e5761639c5e2c583316401bce7b72189de2b50bfaa7ae04b442,https://www.ethmumbai.in/t/D64601,
24ed004d-c355-4ab1-b79c-5e6330881229,94C680,4a276bc8-daf1-4c72-8ab5-b2335c96f3a1,cd665bd7-e2be-4b84-a6fe-6e9155818922,f,2026-01-16 09:19:12.852,b56f567a8ae08d35360741dbc09205a8d2949f4fa3d5265303f1a261d0520483,https://www.ethmumbai.in/t/94C680,
3726e360-0fd4-40fc-9618-16e5d5742a9d,CB87AA,931e02f4-481c-478f-b279-f44e5be3edbe,5b3e75ba-1fac-476a-9eb0-959ad3de3339,f,2026-01-16 09:26:59.579,d0bf46da3ee81a585b2d7706209095ed1e8967c571da4b6e59a782c185aa9674,https://www.ethmumbai.in/t/CB87AA,
276ba981-38fe-4d0a-992a-ee2d70f7b017,506F8D,7fe6e2a2-58f7-4677-bf11-caae29a944c4,19febc44-000b-495c-a050-c29f9a106a48,f,2026-01-16 09:32:25.785,34489422e6136c51335d7726cf065c907a53db133cfef9a6a1f97190e355dddf,https://www.ethmumbai.in/t/506F8D,
78f6a4b7-18aa-4d4a-b07a-b2597e2886e5,936033,a911d1d8-2176-493f-9f47-a1e514743058,a75ac684-716c-4724-ae26-a276c19b2366,f,2026-01-16 09:35:21.591,64d4de7d16c331fecf1216c8cd0eb88f8584302c79bd85b3f4c46ec00b430cbb,https://www.ethmumbai.in/t/936033,
82b9690f-9fa6-46c5-ba67-9fab1a21fa45,CBD12C,16a9d0a5-87d5-4ade-aae8-3ceb278ae202,d760f62e-b35d-48d3-a704-dce68e1cada1,f,2026-01-16 10:13:05.978,822a08b8e53a9ec179242659fe8d37b8919f19884707ae882381df966c156ffb,https://www.ethmumbai.in/t/CBD12C,
fe99aabf-171d-4450-afcc-f40d7367735f,A52271,4fb84340-684b-44eb-83f2-3af7b471e974,8c960042-26e0-44de-9cd7-8e5071599e5b,f,2026-01-16 12:39:29.312,d550da45668599f1a18b8a7f0bb384a84b1c1e7ae3a64e4208e99a86678ee7b6,https://www.ethmumbai.in/t/A52271,
31198ea0-76a9-4bec-ba7d-f31db3f43fda,037A86,71d0af7b-dc8a-4fc5-b552-8aeba2865be1,8c960042-26e0-44de-9cd7-8e5071599e5b,f,2026-01-16 12:39:29.312,98aa17b551e151a803b16e73745a9b10e36dbb1c5e5eb09541355e483f8879d8,https://www.ethmumbai.in/t/037A86,
def303d1-38fe-42bc-8eb8-69d626d22a13,253DDB,3ecbbcc0-dbe6-47d7-9f09-487bea8d9f4f,c033f54e-cf4f-4aa0-adc9-c56abbce18ab,f,2026-01-16 13:52:56.01,773f8bcd2719c59ba22a8bb4a3dede2de88b87f8d8a915ba8997bcd66fdab3f6,https://www.ethmumbai.in/t/253DDB,
598ace39-db0a-467e-9272-c819852ec5de,F04BC0,09a8110a-a9f1-4367-ac22-91467b490c5c,5cd80a55-268f-4a08-b922-bbc562f91ac4,f,2026-01-16 16:29:31.935,2d67f3e97c87b555a7da74a161478e6e1e5f86b5d6f49acffe3d35c2b4bb8065,https://www.ethmumbai.in/t/F04BC0,
027ae630-2788-4622-9962-c4d64db349aa,40E4FD,f5e991c3-8ea9-4a42-8d19-3ee74279063b,5cd80a55-268f-4a08-b922-bbc562f91ac4,f,2026-01-16 16:29:31.935,653e3a8bef18b4a5e4d1c1c77189de935bcccf91deff494ea3e817b69f1ad873,https://www.ethmumbai.in/t/40E4FD,
21263e68-5efe-4d98-a360-6763d8b3fa6f,263BAB,e27854a2-97a0-42cd-ac08-8744a1e38c46,5cd80a55-268f-4a08-b922-bbc562f91ac4,f,2026-01-16 16:29:31.936,299f14c7b015e66793771522db7aa829a9ee5752ce476f011953b2edc17b8ddf,https://www.ethmumbai.in/t/263BAB,
69f33aa2-e6c4-498f-9119-59edec9a6b40,F90931,f7184493-3377-41db-99d2-1dc37ff7e51d,cb46296c-8310-46f2-b95c-d2589980cb7f,f,2026-01-16 18:16:18.716,121c719d96afb219e5e76226f912ca0e1ae16bdcdb8f7cbe22ea7da50fb96de7,https://www.ethmumbai.in/t/F90931,
9de5bfba-dda4-4ee7-a010-bfde586ad703,D75642,7f11017c-75a2-4818-9342-3fcd5bc3c82b,a80e77bd-408a-4036-ac23-161cf66cc867,f,2026-01-16 19:33:22.084,ee7a73d59b59194ed565fafcc9c72973f26a74b141ca30e82b385631b81bb10f,https://www.ethmumbai.in/t/D75642,
3f421839-93e4-49f3-93ff-229e0abfb2fb,A7E11F,e0278865-d81b-4e41-8393-eb0f45001fe3,2cce376f-2893-4f9a-9d63-f3584e087d39,f,2026-01-17 06:25:10.195,4047fd7fda73bf59b63fa587bf8bbc25c0bf85f425bbbaaabbab54b099377f71,https://www.ethmumbai.in/t/A7E11F,
aeb55865-1e72-436a-a6be-2fae2651b997,68030F,9011f764-82a6-435a-8c0c-5a52cc72a47f,2cce376f-2893-4f9a-9d63-f3584e087d39,f,2026-01-17 06:25:10.196,c08dad8fb14650c7d9f0951d17cd07f9f281f543925d8850821f5393230f9745,https://www.ethmumbai.in/t/68030F,
d96dd7aa-b89f-4565-b915-38ca9d643d19,A42E5D,c3f92811-3d2f-4f48-bca9-7311c65c85a1,2cce376f-2893-4f9a-9d63-f3584e087d39,f,2026-01-17 06:25:10.196,38ceeb3e952d913a634a3402b41adfc6fc314518f39d375cfd58d3812f48bd94,https://www.ethmumbai.in/t/A42E5D,
59a41d55-b44b-48f2-9815-24d68b08eb5c,E23DFF,f5d6ef41-129e-4eff-88ef-35be4f172987,2cce376f-2893-4f9a-9d63-f3584e087d39,f,2026-01-17 06:25:10.196,33ccae4d7e65d54e5b6369fb5a90e64c4bcdce6a27cbe7ac65070713bcc0dc62,https://www.ethmumbai.in/t/E23DFF,
f8fc9afd-ec0f-4715-9c20-8bf82de4bc0d,3070EA,24e40db1-4b13-4860-b106-496e01d2eed2,fbc1dbe5-925d-48ea-8c13-bb9729485fc0,f,2026-01-17 07:41:14.609,835beb55d1fa6fcd4726d47ff7e112ec8401f7fdadd07cb577edc76424ead674,https://www.ethmumbai.in/t/3070EA,
d93059e4-a299-44ba-8416-f17fc9199cf6,DA0C6D,57cc73d6-751b-471a-8931-928824e9610f,cdd5056b-fd78-4acb-9bae-eb47c5a02f57,f,2026-01-18 08:27:36.134,efa16ab9bd51f3e43a4a442006758ede8bd7073f83206b240ceedf37ae9195f2,https://www.ethmumbai.in/t/DA0C6D,
6b2c9aa3-80fd-4032-8bf1-745addc53490,3736A3,7a3f56d1-b41f-4bc1-bd2d-fd2b40103fa1,2bca297d-22a3-4586-9512-426750b93d43,f,2026-01-18 09:43:54.759,8a8ff2529778ff842ec96a8b45f79f59855e8cb388a08ad890f1a3c44f2a57c6,https://www.ethmumbai.in/t/3736A3,
deaca54c-6be9-4f0c-87ac-7411cde008f3,AA7745,61a4d090-162f-4a3a-b6b8-68f4f38b1c16,2bca297d-22a3-4586-9512-426750b93d43,f,2026-01-18 09:43:54.759,3f3a4a47362cac1e94a404f3a191efcc0fac3eacb2d858875aa99c61d29ecf3e,https://www.ethmumbai.in/t/AA7745,
8981490d-cf09-46b1-a27d-f54bd57f52cb,38EEC6,bf217796-6c4e-4559-84e1-6c54e6a1d3fa,ac02d331-b4ab-4903-9fe7-c7efd799d9b4,f,2026-01-19 04:07:08.121,6458b99f82061feade74b30b345e32934e7c16d23116eb1e4c2e4f48bb8213e7,https://www.ethmumbai.in/t/38EEC6,
220070b2-22ed-4c23-9b36-0f13d07818db,7C7AE0,bf8fb2a1-6915-4efd-b526-d513c26d1f5a,bafb2a6f-b25d-4a43-bb3b-486cb088ace5,f,2026-01-19 04:47:18.662,3eb2cb0a0fb6845c17b1c737ba6c5b04045c655c38fd3d6c17aa4bb2ec4438a7,https://www.ethmumbai.in/t/7C7AE0,
b3e02cf8-efe5-4ae9-9810-2857d2a2ea79,7EEB22,3a8d76a6-4598-47fc-9998-15bdfd6d0367,4f8958e2-9db5-4d05-a135-eb4faac77f32,f,2026-01-19 09:21:46.154,9d06f6660ff35424ea8200e6195b19770db8409077fdfb0e0b59cf7343184a9b,https://www.ethmumbai.in/t/7EEB22,
0885d80d-3c74-4e37-8443-433fd39b8b33,F11610,4e136822-3c06-40cc-ae7d-abe7db5c86aa,4f8958e2-9db5-4d05-a135-eb4faac77f32,f,2026-01-19 09:21:46.155,ee987b4256d2f0303028370e493e0b91feeb63b0048170eea4f9250bfbcd772b,https://www.ethmumbai.in/t/F11610,
6976819c-2f4f-4b4a-ac1d-65bae246a4e5,60CEF1,058313e1-b7b4-4ece-9e03-bb5f0610ec70,9c6f0974-30ea-4613-8ca8-603c52daca74,f,2026-01-19 22:32:10.986,6f6f303288abd38266156939deede4bd81a055628583d2796d9d865f67d093c2,https://www.ethmumbai.in/t/60CEF1,
0a650c8d-39d9-40be-a29f-45faa22d9638,FDF312,fd7fcba4-d216-46fd-8ebf-633245045871,69f80a53-f32e-4ba9-8ab2-b2e552289171,f,2026-01-20 09:48:04.674,6c78a2cb7d2b71946f6932804a4fc1d40289a986402032765c091362c2b0b414,https://www.ethmumbai.in/t/FDF312,
02a91b91-5dcb-4e5c-a684-df7958ca815d,0D0494,6725a033-263b-4843-993f-12229b5efa62,d5d4f089-d611-487f-b216-3eb98e1ae79b,f,2026-01-21 08:44:11.984,43f592dd5f375779ade75b90eea5160dc3213b2e0ceea4df4ff34e0c257f8c64,https://www.ethmumbai.in/t/0D0494,
31a8a162-eee2-4197-b3bc-d0d50d946409,3795A9,33f04b8d-3569-4090-9a9b-763ea8de9839,715230fc-2a51-4e1f-b229-6ade051bdacf,f,2026-01-21 13:33:06.576,a6e24115bfe8cdfd26499dfaaa9364066aa7c243cbaf1aa51865a1ad3fd17cc0,https://www.ethmumbai.in/t/3795A9,
c19e1ecf-5782-4596-a788-edafb2430596,275C60,b636150c-d640-40db-b7c8-cb58301c6888,fc8efb5d-1539-4346-b90f-6841bf29801a,f,2026-01-22 09:52:49.768,f310e99661b7df9fb26754841330d20b23f0af74440913e40aa604a0933d479e,https://www.ethmumbai.in/t/275C60,
ee860365-a6bc-4efe-91b3-dd3e2ed11129,87BC84,c795d37b-5163-4497-b8e3-6f6afb84bd28,cc44c5aa-7ec8-47ca-8a46-17c5a602e0cf,f,2026-01-22 11:26:07.146,690070295108260e521d63122dc7a294df0ed95c75823ebe374de1a310941121,https://www.ethmumbai.in/t/87BC84,
46a3e57a-cd50-4bdf-b0d8-05e88236e8b5,5A0504,4da26e82-e8b6-4713-84b5-768a57b81266,d5e6a642-1adf-4041-acec-935913274e54,f,2026-01-22 14:17:21.972,90947694720ea86788e32a7ea2e42c5c3e0895a39ad4ed79d8c26325b20a68fb,https://www.ethmumbai.in/t/5A0504,
d71f554f-945b-4676-a659-789870381319,C862AC,84cddf5f-e50f-45b3-bb19-ca747d425617,66bb2730-6b05-4d68-aae9-b760d6b3ca40,f,2026-01-22 22:20:36.651,7d14bcea275cbeac017b2301e7bcd36a7116fca0fad5855577fa9a289bbca00b,https://www.ethmumbai.in/t/C862AC,
ba433597-e7c9-4dd3-b78e-0c434c012a1f,3FD418,d18dfb5a-ae08-4c2b-8f68-2887e8b1de63,57d62505-0a0d-4858-bb69-7b575e98f04f,f,2026-01-23 07:43:13.287,f80fdcb064860d6d6f490139dc6798bad97384254e5ec2631b4c7c66cb318ec5,https://www.ethmumbai.in/t/3FD418,
ee820f12-394d-4bfe-a1de-7475663cf853,CFC117,1b7b35a1-b581-49ad-88bd-ec00795250c7,8cf504eb-cb8f-42c4-9019-a4870a3ea455,f,2026-01-23 16:10:09.385,de407ffef7bc229fc0e89922ab71571a22fd68f12eae92c230f06d7657da4190,https://www.ethmumbai.in/t/CFC117,
f4e4ff98-f22a-4719-82d4-197ba60b9364,E9B14D,032e2404-24c3-4157-8658-2e17d372039d,435a8e40-52bd-4467-a47d-f1667ecfdc9c,f,2026-01-23 16:19:56.266,e55b1040ab7c625aa1e97440d00bd762c8d1431b1de57afba0648f5ab08b52e1,https://www.ethmumbai.in/t/E9B14D,
8ed4f0f2-3f38-4af6-bddd-86ea7e2652e6,9FB572,abce4848-cdc1-4c49-af7c-c12d65235520,bd57d372-f4e5-49c3-a560-cdf8223d6554,f,2026-01-25 10:56:39.169,b7df849f7d079edecb20150c4cb2395fd954c6802ec4b35501405e2f5b8b80b7,https://www.ethmumbai.in/t/9FB572,
476a3178-0c78-4b31-82b2-b390301ee222,06230C,c132e8e8-64cf-46c0-bf75-71acaac3ffd1,e8f7aa1a-249e-4f41-b32d-201213bae273,f,2026-01-25 21:39:05.945,2b965719ff3ab42788e639f40100cc90e400569c92b30f804f70dd41fdeb14cb,https://www.ethmumbai.in/t/06230C,
7886bb7d-30eb-46f0-9fda-6669b319d086,BA0851,d541c21e-0258-4067-8ef1-94daaa6a46ff,e8f7aa1a-249e-4f41-b32d-201213bae273,f,2026-01-25 21:39:05.945,ea90621fe0533a4ee6029914be717b65780c694d67ed787b695937e1d4b077d4,https://www.ethmumbai.in/t/BA0851,
f3477140-c5e2-4da0-af54-953596ab0724,C5AC58,525b155f-1ced-4aae-9d18-ef39a549bb38,e8f7aa1a-249e-4f41-b32d-201213bae273,f,2026-01-25 21:39:05.945,8edfffcd6ef6df92a099a74b55ed291bd875346ff06584ebf90b37dd94719931,https://www.ethmumbai.in/t/C5AC58,
fb38ddc3-a73f-496e-8093-0b68c3174231,8096C2,57872cbe-34b6-4909-943c-911e71704f82,cdcafd29-fe43-41cc-9714-7327ad1f0832,f,2026-01-26 04:13:40.511,4a5e66e4197759674ec20cc371e53fd340ffb424d2bcb188f94e08c54680dc92,https://www.ethmumbai.in/t/8096C2,
c6837bb0-70d3-4322-9b9a-aa3ff81ba3d5,18C4FC,01f445a6-3caa-4347-8dc6-208467e4ae91,dd22a8b5-9ab3-45e2-80f3-4da0bea3bf26,f,2026-01-27 03:04:35.671,76dd9e24689d06cc52d1dc81322d3b0026861f660a9d130782b5ada58db8a966,https://www.ethmumbai.in/t/18C4FC,
b093b762-1148-43a5-9ffa-c3a2cb76f59c,EB7A93,b76e1fd9-fb9e-4894-a822-35e3837ad0e2,17c41ca2-eb8f-4186-971a-3046343e06c3,f,2026-01-27 10:36:33.202,3932cd9e7154337e5f35c716b580f9701331d9b98f3d55c9d7ec6156d37ffce4,https://www.ethmumbai.in/t/EB7A93,
c8944e81-a010-4386-b44d-7aa2936085f2,1F8ADE,2b3c1458-3f33-4fac-af7a-a25883d610f3,48f0d502-6ead-4e64-bdf9-d433771741bf,f,2026-01-27 18:55:06.485,449f541bfda7c1062147e4b7c3dad620819ffa4f847954df8132dc2a933f2500,https://www.ethmumbai.in/t/1F8ADE,
cc31014e-7ff6-4d49-bf51-f5398cf42387,2D5334,52458a5b-b499-4497-908b-0d210ee95a74,de5fd320-bd58-46fc-abbc-a186ffd45401,f,2026-01-29 07:41:33.239,01043590a1c146ab8872fda9a75c4ccce81e5085b77513046b62daa86b04af6b,https://www.ethmumbai.in/t/2D5334,
3642dc40-7ea8-4a97-b394-d2717d6f0094,880174,e0a7000c-ae7f-4df5-80f2-8644fd17ec31,de5fd320-bd58-46fc-abbc-a186ffd45401,f,2026-01-29 07:41:33.238,0969dc80740c3fffd1a1d17d263e7bd786bf5ffc10f23a087c059d16e722d097,https://www.ethmumbai.in/t/880174,
6fae863b-d694-45c1-9487-f6109857c5d7,98A160,7ce4aef9-3875-4d22-8796-c54a9a90011b,25a0eda3-b61e-4bae-8dcc-01fd8936f9fd,f,2026-01-30 12:54:30.77,9f47f19f8ce918e816fc27f0c8b5959ff91c39ea291cfab58e4f54af89c2d596,https://www.ethmumbai.in/t/98A160,
08f06b5c-fc58-4e77-a49f-e98b5a725f7a,B6DA7C,c73269c0-470d-4693-84f1-a206a55934c4,99e1ac8a-ca54-4e71-91ad-1f1ff885a9c2,f,2026-01-30 18:26:19.1,f12b2404a30d7f7f02b69abd668a8bf570d50bc4c26eba604e3e95202a78380b,https://www.ethmumbai.in/t/B6DA7C,
a89b3df0-c00b-43db-be6e-38eea9c677a4,9C31F2,455f99df-882b-444b-8d68-72fc75cd4bfb,ae5564c1-96a0-4cbe-ae78-0e3ca987e287,f,2026-02-01 17:40:08.395,390fc8afe421c61d6b8b6d54bea4eec6a1cf80b87253fbeda053a4fcecb4e9a6,https://www.ethmumbai.in/t/9C31F2,
bcf90097-b455-4fdf-9e77-7f8af18f79e2,FEF0F5,a4e31f27-0345-4f27-a389-6fa03019ae5a,ae5564c1-96a0-4cbe-ae78-0e3ca987e287,f,2026-02-01 17:40:08.395,3d03e1e8a819aa3c2513594f7d57827ea9cb8824e12a82790dad5f953b010f60,https://www.ethmumbai.in/t/FEF0F5,
c5a58a31-7c8f-4902-bd4a-186c1d145edc,FA25F9,2c064e68-de69-41f3-8a0d-ea0f62d3d387,37ece65f-c7f0-4ff9-9eed-b57d9ba5c9db,f,2026-02-02 09:25:19.94,bbc5d3fafde9f3edb9c45273634098719dfff34c680e703ac419cc496c5de498,https://www.ethmumbai.in/t/FA25F9,
0a79d215-022f-4c40-9b54-8f67310e7c6e,325A11,02aeab69-6d0d-42e0-8f10-e1c1da10577c,37ece65f-c7f0-4ff9-9eed-b57d9ba5c9db,f,2026-02-02 09:25:19.94,abae63ce8291d9452997cef5bd524d90c976eda616f0044cbb721fb3cbb89c29,https://www.ethmumbai.in/t/325A11,
2efb8d3e-3b8b-479b-b9e9-8b948d13ceb9,930C88,34135f1d-dbfb-42a9-8b81-17a8203c19f1,bf50e4f4-9d5e-4c32-8646-7266a84325aa,f,2026-02-03 11:59:45.456,006a67d3c2e5d1f8c65fdd8505be91977dda9a02f59076105b3e767522747a13,https://www.ethmumbai.in/t/930C88,
6381bdf1-b93c-415b-888a-ef11174a9253,39480E,f4945e9f-d1f5-423f-b2de-0a3c024e8fb5,19e7d9df-ff04-4dbb-8ca1-040b7980d5de,f,2026-02-03 13:48:20.834,f2660357cf0c2440743735c116783e871047c0ceb2450b60a1296b8392e52e22,https://www.ethmumbai.in/t/39480E,
721f1fa7-7864-4b23-96a4-03e183ee88a3,1E3E1E,a3796b4b-606a-4563-bef0-9a1852cc79ad,4387b35c-b755-4be9-aa5b-de41be3c0851,f,2026-02-03 18:27:57.828,52b064ae47faa1a16a2f15e222ed2b7e601a6c48b587afa42f4f45119607844c,https://www.ethmumbai.in/t/1E3E1E,
c4126c3b-0c0e-415a-b88b-ce2b40157785,B27899,7b5f70f2-c776-4625-b5b1-c46ac25fa5c4,21a8031f-0a55-41a7-aacf-92455c823831,f,2026-02-04 10:47:16.913,078f9d7ec41ca040e8a76bacbf8217e14a1df73e97aa56c1acbac314eeeb8588,https://www.ethmumbai.in/t/B27899,
