id,ticketCode,participantId,orderId,checkedIn,checkedInAt,qrHash,qrUrl
b5bf3215-6e5d-48e0-aab0-56ea4424bf53,4B401A,8ff9db1b-4243-4477-8b5a-d219f37a1003,4b1b7403-1448-46cc-bbf2-8655b21e2d3c,f,2025-12-20 07:24:02.067,9cf92f9b4e07c56a609ab921453cc5937fa70748fde6f80776d099f8ca44cc6f,https://www.ethmumbai.in/t/4B401A
084996e2-7430-40de-88eb-2ae6f9410b1b,427480,a710c9be-fc97-426d-983f-99ba67f7c950,f3835bb0-6142-4949-a402-32525865cb5a,f,2025-12-20 07:24:06.78,f353c57c7c572f67af9c44b6ac137c39e8beade21aa86b073a10491db0226e44,https://www.ethmumbai.in/t/427480
9eb0e24e-3d55-4a22-8c02-22670d9646cb,F440D1,6516f59b-4ef6-430e-8916-ed94ce54e612,57ba4d49-0b6c-4e71-a598-92252ce30245,f,2025-12-20 07:30:30.335,83639af90b84c1903492061c0bf6a69553b6399316ba1d98ff9dd276a3ffbf79,https://www.ethmumbai.in/t/F440D1
e890854b-63b2-49cb-af4c-0fdf1f2d5118,E03E59,5bf9afe4-d2c0-4454-9d38-d8488c85a7f4,5062dc5a-45e7-4b2f-85ec-9be71e1b7f74,f,2025-12-20 07:32:09.308,7bd93e79a7761edc9e686e80cb96ead56175c0ef95b45b1df773ca0ca2972d70,https://www.ethmumbai.in/t/E03E59
f6295c2a-42cd-4367-858d-0093b1ff565f,BB61BF,dda5732a-4329-4798-9077-f9b71a6683ef,f5e9291f-8cc3-42c7-b5d3-dc72594e9797,f,2025-12-20 07:32:32.329,149fabb3464c72d1bd9ccfb2804cdf3412e284e5c205b6ac50a0b5577fdfb8b5,https://www.ethmumbai.in/t/BB61BF
d6e9d47b-d2f7-4098-835c-ad7d8e8171d1,65A75C,e762f0f3-7b04-43b3-990c-8d8b0b448daa,1c267d21-44d7-4ef5-87a3-0dfc1ecb711c,f,2025-12-20 07:38:41.301,9aa161e96a1581624d6c747e28cb1331c62e5652e54d08389d60c4956487c5d3,https://www.ethmumbai.in/t/65A75C
5f9a90e8-8806-41b7-81b3-624aacdb48dd,E11DAD,001a278c-66db-4879-815d-5be1edc87dfc,932977e0-1a02-4df1-b414-0cacaa709aee,f,2025-12-20 07:38:42.058,8146e1dfdda0de0b008f2e716b4954bfc05ecf2e06d7e4c38338a900c6fc9e8b,https://www.ethmumbai.in/t/E11DAD
cda464bd-5eb5-4529-ba00-3b3ca3cb292f,741D05,708ae1e4-d904-449c-af64-7f3b22e7ed2d,79a7c232-7f84-40e6-9e27-4a5bcb27f6e4,f,2025-12-20 07:43:22.291,ccfb1aab3d2f80c1fe0a78c56ea735a600c7724325bc613f81e99898bc1be52d,https://www.ethmumbai.in/t/741D05
b66d974a-302e-44ec-8291-efef3da47969,6CF146,82e73190-eece-4469-a8ba-61db3a167c9d,7d902198-2998-41d7-8eda-e6116b22c6b7,f,2025-12-20 07:48:18.473,c949a81bff1fd3944f0cab049a6d332b5c3810d26a173ca2670ec17a8b6e3c31,https://www.ethmumbai.in/t/6CF146
17cae10d-bd05-4b18-b68e-2395a72e8d0d,E91CDE,79011c33-39a9-41d7-a000-c3a362e5a31f,4fbddee0-a516-496d-ab92-6641c313b9b6,f,2025-12-20 07:49:43.327,9f8bccb3a4721cfc61d90d1c861c4b1600db30dc9cc4fa8973ba98d5e5da75c9,https://www.ethmumbai.in/t/E91CDE
3f595b22-9b68-4da4-85a2-187fd728655a,B7008D,d82acc89-8c60-4c54-bd58-9d5f8d5e27aa,2b79c83c-036e-42e5-9123-78823a028f53,f,2025-12-20 07:49:52.133,a429cabc4f9518e424ac8f462b9887c532ec680e817c9613ab2a1e3970ff9b5b,https://www.ethmumbai.in/t/B7008D
f7f06e64-64b4-45f2-be67-e2da237be251,BA9C85,7f67eabc-2c67-4477-b94d-ef2a2b5201cc,c708a031-ca42-4ee7-aa83-5d3c561062dc,f,2025-12-20 07:54:21.821,11b3d81ccdc16b6b3170de42fac15af5969a25cbbb3f659aa58cb21b7712693e,https://www.ethmumbai.in/t/BA9C85
efbbe1c0-1313-4a90-a17a-1353e76d87b5,753B8E,c0dac3d1-6991-47ff-835c-39da4a5f5398,53b17e9d-a5af-4eaa-a5a9-4751877b3edd,f,2025-12-20 07:55:37.769,257a29879954fb8f996c95779fd7e4aac426b526bc7082b8b7dfb8b32d00a570,https://www.ethmumbai.in/t/753B8E
ce26094c-146d-4eb8-b390-a3657af1fbe9,E99F08,a5863d39-5470-4a97-90db-0c87dc079133,8fadb2c9-93e4-47e4-904e-e182fa09274f,f,2025-12-20 07:56:05.531,d7860a80fb1e54ab5e0ac1a1bad4580a1d694535aa0377ee4cf4b54e1402f801,https://www.ethmumbai.in/t/E99F08
95acadb9-741f-4ffe-a47c-c0fd067c43b9,951888,14384577-dd25-43b0-8540-422692f75d34,12faa944-31da-4a64-b8f2-82c51f2c2274,f,2025-12-20 07:56:14.111,e68e6d361b19ba81fbe2b125fb19100a279f5fb197856facd2a6aa4a4f0a81c3,https://www.ethmumbai.in/t/951888
24a5589f-f65f-4966-84f0-54386c2ae90b,54FE6F,f36a89b5-3b29-4040-977f-a8eb258cc2a9,5e629647-3ea1-4d39-8c08-518788df5045,f,2025-12-20 07:56:49.333,ee10265bad89f758ae245fc63a6849dd7eec8290fa343302aae95f62e20dd336,https://www.ethmumbai.in/t/54FE6F
be6f687e-c10e-4b3f-a3c0-ec41ff99e52e,2F45A6,87fe8f95-02e7-4b30-b411-ea75fc4e8c49,0acc492d-7cff-4103-9d6b-262428ab833a,f,2025-12-20 07:56:57.611,a42c773217b968abcedc4a0a40d2f2e44747ab2fe7b2274a39f6136a9d55f6ab,https://www.ethmumbai.in/t/2F45A6
43a55a64-3bfb-4e08-9449-fb65ca73d8f1,1B099B,d7a751d4-1fbe-428b-b346-d07991f58d0c,d6087f41-23ba-43d7-8386-9ccf91450918,f,2025-12-20 07:58:22.013,571050c1e0fbea81a7e51ff30a03f764230c2edafa6f98b75c7e9a089629d9d4,https://www.ethmumbai.in/t/1B099B
0e5836ac-6cc0-47bb-8909-242f48e4c074,480504,d4f61610-232a-4352-8c25-55eb9b36d46a,7e9e6a9b-f763-4a64-ae03-c15878d3e252,f,2025-12-20 07:58:45.454,db105994c6d6785eed91c7922598f2e180a0d89048c8f8ca24f5d288a74d9388,https://www.ethmumbai.in/t/480504
384cd394-e3e1-46ea-9015-6cf333ee1bd7,13A4B4,eb351d8f-441c-4bbc-b4cb-57073cf02531,4f8845cf-bbd4-4016-92b3-833fabef2d2a,f,2025-12-20 08:03:09.765,42db70df1d9ca4edc49644169ab20fcd86f02f1f556cc0d412345753e623dd1a,https://www.ethmumbai.in/t/13A4B4
223d0044-5bee-44e7-911e-bcbe05c8d51f,D74E07,c3e0cef0-7af9-4ea8-8d5a-aa5d2222a34d,f314c2f7-e8c7-4e7b-9269-155a19b43c7c,f,2025-12-20 08:03:19.123,eb21ddae579759e62c2d0cef578fcf8c8cc10696ba46310c8b47eb7d3d6b5ddd,https://www.ethmumbai.in/t/D74E07
bcaff500-97fd-464f-823d-8a0d51351647,6AAFE3,171aeb4a-cb30-45cf-b00d-2b5834270900,ff2ffd24-d196-4abf-ae50-6a6aa92c6121,f,2025-12-20 08:05:29.812,93e364e5e4d0145040ce32022a5a592cdce71a3ff60b8fea049bb1c4495d7576,https://www.ethmumbai.in/t/6AAFE3
90260d99-772a-4fde-a605-1aa86302a073,B00DFE,f3bf0f23-0189-4833-843b-e96e0f397602,9d95390a-5ae4-4055-8149-301db7fd6818,f,2025-12-20 08:07:39.34,c8f8046e2ed16bcbdc12a600dbf8246b65b1890a17eeda115ff1d0a870abe585,https://www.ethmumbai.in/t/B00DFE
301876d5-1c0f-463c-bb3e-9a80ebe768b6,EC67A2,38c8da91-368c-4cd2-bbd5-758681421a5b,03006711-bdc3-4f5e-ae0c-b66d04909908,f,2025-12-20 08:11:06.526,b5c34559e09ab2782572b51a70624030da9db2f26663627b20d24ace34e3d945,https://www.ethmumbai.in/t/EC67A2
8e43cedf-229e-4900-bede-13e21a1b6a9e,632A22,c8c07c43-0b5b-47ad-903c-554504323743,ddd06563-cc54-40cf-95cc-badccc6ae059,f,2025-12-20 08:11:42.046,3bdc993d7e59b33852c18d0f0bee63dd339085d7f78e74d92c74e16f9496ecb7,https://www.ethmumbai.in/t/632A22
8fb59a59-3b0b-4dd5-9353-bf1597930e09,8F7999,953b92ae-9633-472a-982f-c0c015a26086,9af0966b-1e9b-469b-aaa3-4b0269b1f191,f,2025-12-20 08:12:41.215,b33572d09a9b63e0594745f2c715cc96641cc2a78791214f251734811828cb71,https://www.ethmumbai.in/t/8F7999
af532e18-7bc4-4d9d-82bc-8e45884dbf48,65FA49,3d777a04-ed91-4e3f-9204-a18dae129e31,50eaa7a3-a203-4bb7-aa17-29ab2a5d3e4c,f,2025-12-20 08:19:45.247,4ad5ecf01d59b6393bf6d73f0548b2d14c9d708c5f63569db6a3bfb373b06e56,https://www.ethmumbai.in/t/65FA49
58d5934a-df47-493f-8951-a30a7c206d84,977F7F,0dce2958-2ef7-4b17-ba51-f4c07c9ac596,2dead888-4f1d-4692-b97f-caf544785b27,f,2025-12-20 08:20:05.525,b0c1bfd3f46ef262770104d97b1931c8420ffcd9d1c7189bba11dd92259001e0,https://www.ethmumbai.in/t/977F7F
26dc4f77-045f-4ec9-ba93-582e963dae55,40D43E,4199d452-3d5e-414e-bbda-c717a44ee018,779106c0-f4b4-4d3f-bdf3-e92bd9d2a3b0,f,2025-12-20 08:21:07.613,fcbe2a0930c6469be647932aaf92b5bd10f31b4087b49544d07456efb123d39f,https://www.ethmumbai.in/t/40D43E
debb2d82-2ce8-4b64-952a-8b35912d530b,4CE17B,5ab0baea-c7ee-4937-83dd-686fd8ece370,61b1bf78-85b5-4497-81ae-f0b9de31e3c8,f,2025-12-20 08:21:29.828,b15fd754b6727c8f8605e7176384e37292d71c1af7b52150cff1336dca224511,https://www.ethmumbai.in/t/4CE17B
a372a04d-ec10-4914-97c7-24efee51c06a,85DE36,be4f1a64-4270-4689-9383-f80d857e6554,c6886b5e-1959-4e3b-b2f2-778309f933f1,f,2025-12-20 08:21:53.989,016079ebff2df9afdecf954ee90d3331746bd8a14d00e81768959e477205489d,https://www.ethmumbai.in/t/85DE36
264fbf0b-2d99-4691-90b4-e64565a956ad,DB18F0,b81401ba-4780-43af-aa73-05dae7c04585,91cd42b5-48b8-4938-911f-19b455abb49b,f,2025-12-20 08:24:14.118,b24a6f4cb227cb2be95fe76d869257a4e12c541366863332b2fd531dc2046163,https://www.ethmumbai.in/t/DB18F0
df9a59d4-7987-44a1-86c7-c0df4b85a366,4CD7E2,7481613f-56fb-47b8-abb8-c92224626ca7,cafcc822-d819-4085-b3e5-51298dbda7cf,f,2025-12-20 08:24:19.181,9ad7d1ab963544b0591406783bcde3960a4f12f2de51d56cd3660f2821c3fc9c,https://www.ethmumbai.in/t/4CD7E2
aeb08665-ceea-45e4-a7a6-04b6638a1d5d,5589D5,9aab0053-1d56-40d9-ad0b-94a5496ceb6b,1060a360-33ba-42a5-a5da-6cca06b01af6,f,2025-12-20 08:28:57.698,7d6961c5a44cc3cbe35005c17d57ad961c12a7ae0186f99314ebeb95108fa5d8,https://www.ethmumbai.in/t/5589D5
d776f576-dfc9-4053-ac23-5305c180e7d8,B051BD,cc3850d1-a45a-40c4-a796-1bca2db858ef,6b8336b6-98f2-4593-866e-a7c078c81fd5,f,2025-12-20 08:30:15.058,0481cc6cf0e6aa74be52a9ae34f14f28176fa1316e86e50e07816868fe7571d8,https://www.ethmumbai.in/t/B051BD
e38b4e18-589c-4fb9-8e65-c3f1a4e4ff01,0E77B2,ec39018e-b788-4600-b33b-8af2e86e27b2,f52054db-8c9c-4b9a-9242-6400c343a259,f,2025-12-20 08:31:28.959,ff47e9147a3ff4e5d9336ee4fe39d2bbb588e35cbef888130a9f0031780b69e2,https://www.ethmumbai.in/t/0E77B2
49f46183-ef33-4d1b-9aed-fb95567ebcaa,EC669E,86c86e9c-0e0a-4b23-be9e-2f9f72a1d4cd,c3cfe01a-4d40-4528-b321-841ebe973877,f,2025-12-20 08:31:31.295,4c7fbd103321eca6e5f05e892b0161ca94da5c3833edbce1ea3ff3dbf10d0f4d,https://www.ethmumbai.in/t/EC669E
5fd5eff2-f033-4a24-83e4-25643551547a,70AAE5,de3559d3-f5c7-4276-972e-c7880df33b91,d1bff075-f2f2-4027-a51a-35c0cb60de79,f,2025-12-20 08:34:01.161,89d9b4ab4a55f6bfb2a7d0fd196d0d6d77d382a423dbb108b641a64afa600465,https://www.ethmumbai.in/t/70AAE5
4d1f36b9-b2b7-4b8a-a23e-46984a37f0f6,A2E55E,60bd3d57-1852-4216-992a-23d6c4051632,f29bf040-4cb6-4c5f-a80d-8dacab9e44d0,f,2025-12-20 08:34:29.693,e310dae0fd57bd19854581c889e7b92cdbaac236476982fb9a3546f0ccfbe099,https://www.ethmumbai.in/t/A2E55E
f8f7d824-11f0-4d84-a873-1544bf834da8,D1B19B,a0138a91-d776-4ca6-bc0f-04e555305b1a,fa5fe23f-bdd8-498c-8d28-5af48bde38b4,f,2025-12-20 08:35:20.053,334c83049d84e70a95168c30b85cbfd5c0abaf5d9bba599d4fbb75e1bf2a47d2,https://www.ethmumbai.in/t/D1B19B
9b2ddddb-347c-4301-8829-61d654244322,F7F33C,b5393764-f520-42ec-aa88-a6e3f88fb8ee,770d38a3-5ae4-4bfc-97ca-9237a0ed8391,f,2025-12-20 08:35:42.951,680d16d0f982a1d3f097bd699ad28a6ae1786b7d8a46a9e430af75f7052c8244,https://www.ethmumbai.in/t/F7F33C
53ec4b2d-c754-405b-9566-fc06e29ed757,11F4B7,1742692b-6a06-4104-9c55-00916ded1517,bc5bd966-33a3-4aa8-9e93-d8c627cce079,f,2025-12-20 08:37:47.313,8b8e5c1eaff1bec3a855d88e6d5d4648335825f79676ebc68eb51e0359987455,https://www.ethmumbai.in/t/11F4B7
db82bbaf-cfc3-48d9-9e8b-7133582a5401,23C14C,fba3422a-1c03-4e97-8d25-6fbf09a410ab,901335b3-5fb8-47c1-8708-14ed94de9893,f,2025-12-20 08:38:18.286,0c00b1600513d2c6d197346ccf554bb277e30893a1f4119241dcf384b8f1a109,https://www.ethmumbai.in/t/23C14C
209ad224-cfa1-45f5-b67b-9f34043ceba5,FFCA06,faf2ef8f-f291-47f6-ad39-7f55dea22400,39de931f-01b7-49e7-9df1-f6f3604f2c63,f,2025-12-20 08:39:09.931,dd26c05dd9c8371c68fc25ddc5c2c66f15adc5a2c2db62d23015142439cab519,https://www.ethmumbai.in/t/FFCA06
e38c71dd-8b04-4928-847a-10f26673a894,20EA59,9be38f08-2107-4454-89c5-3083d67092ea,65c4ccc7-f9a5-4e20-9095-9d3fba87c858,f,2025-12-20 08:39:26.393,0b036d086c8858ff7934dee0e9338c9bf629726d3761c9c8bcbad97aa81f6db5,https://www.ethmumbai.in/t/20EA59
566c212b-a8aa-46a4-81f6-4d378f189041,3D6C67,db53bd2e-a1dd-4b55-b8d0-488a3f00b56b,015fcf24-49b2-41e9-975a-72ea94e236a1,f,2025-12-20 08:40:04.504,8b6c4f6fc34d4bb47e9b8b939efc5b2e1aa9ebb99a1481e3fbae09e543bc3cb8,https://www.ethmumbai.in/t/3D6C67
94acd1a4-6c3f-46ed-82a4-07ccc26cd4b8,8CA136,563f6322-c982-4216-a0a7-d143f465936b,732d748f-a05b-41c4-9387-bcae0b23e47d,f,2025-12-20 08:40:27.24,afcc21a6c429c6e9101da430637bf3f1aa82ebbed04d48eb36de051b407e4373,https://www.ethmumbai.in/t/8CA136
64c1bcb6-3d0e-4ef3-a02d-32121c5972c3,F3E609,1b07c902-209f-40a2-ac3e-ef5e208b7163,34da961c-e576-4cba-bf2b-ef742af975c8,f,2025-12-20 08:41:44.215,55c7d04470757efd9ce69da2f5cba2b8754f54cda62e2123b06a3cef3b8330fa,https://www.ethmumbai.in/t/F3E609
d342909a-e921-472c-a0a4-a32579be88ae,A9A5FE,57c5fe54-ebbc-48dd-b1f8-0f14249f1fd8,405bbc71-2f07-41f7-9192-6cd7b91c3bc7,f,2025-12-20 08:41:54.035,f09dc13cee85e2d320e88ff60cf82ba0cbe7cc8e713c321f948015c0dcd63d38,https://www.ethmumbai.in/t/A9A5FE
38e62aef-642f-43c5-b70a-8ee9bd9bbf5c,2F83B6,df152614-3b9b-4725-8c2e-8640d69102bd,69de6269-9f14-4360-bfe1-5cd5aa984000,f,2025-12-20 08:42:35.95,49332a49a8f73f40e8340fffea7cdd639ebf706cdabbf8cbf1abe55e84f02491,https://www.ethmumbai.in/t/2F83B6
626357c8-7b80-4d1a-a57c-aea6d5cbaae0,042253,4cfe7ad9-285f-4855-9dd2-2a514ba3d0ff,77034ccc-6c9c-475a-8b87-e7ae01a7673f,f,2025-12-20 08:42:42.104,379a4cb42706b7f593806f94d2525e215ed537eaae881fbd955e1054e395d7c9,https://www.ethmumbai.in/t/042253
507636c9-a90c-4486-a168-0c3586337aed,7E7B5C,d07c34ac-4e45-4c38-9238-8dec38a06eff,df437491-a516-4028-9dae-7c4298d3ff16,f,2025-12-20 08:43:03.358,c410be0953f8fa37bebcd760e85ea50ed2e38c86a293c283930ca0a57e987346,https://www.ethmumbai.in/t/7E7B5C
2b9f6468-6395-4da9-9355-43f6781cd941,2E247B,e4a41813-b174-46c5-b80d-dedea2879c2b,5ca9d670-db57-46dc-b0b4-53e1f212bc74,f,2025-12-20 08:43:24.477,12c89f552da7e54cfa579b1fcf94ae2947f14583807534fcf3281dbb6f03d309,https://www.ethmumbai.in/t/2E247B
